Keydate_prompt;IS_Locked;OIB;Amount;Due_Days;Document_Type;Document_Type_Subgroup;Document_Type_Description;;;
20170731;1;80188553401;2310.25;530;CF;COURT DOCUMENT;Sudski trošak;;;
20170731;1;30170698412;654.42;4454;MZ;RECEIVABLE;Mig. troškovi;;;
20170731;1;48435541296;254.81;4392;MZ;RECEIVABLE;Mig. troškovi;;;
20170731;1;48435541296;20;3434;CF;COURT DOCUMENT;Sudski trošak;;;
20170731;1;6989595644;2951.7;4118;RK;RECEIVABLE;RN fiksne mreže;;;
20170731;1;6989595644;1939.98;4207;RK;RECEIVABLE;RN fiksne mreže;;;
20170731;1;2987811873;97.34;1201;RK;RECEIVABLE;RN fiksne mreže;;;
20170731;1;80436669671;761.34;4326;RK;RECEIVABLE;RN fiksne mreže;;;
20170731;1;85787898899;826.75;1818;CF;COURT DOCUMENT;Sudski trošak;;;
20170731;1;85787898899;155.94;1747;RK;RECEIVABLE;RN fiksne mreže;;;
20170731;1;80153250565;17.54;383;IC;COURT DOCUMENT;Kamata sud.;;;
20170731;1;29067506239;9;2202;RK;RECEIVABLE;RN fiksne mreže;;;
20170731;1;2544342080;79.16;1383;RK;RECEIVABLE;RN fiksne mreže;;;
20170731;1;80358002088;317.26;2840;RK;RECEIVABLE;RN fiksne mreže;;;
20170731;1;3871047745;37.5;1293;CF;COURT DOCUMENT;Sudski trošak;;;
20170731;1;87484380237;178.28;928;RK;RECEIVABLE;RN fiksne mreže;;;
20170731;1;47496073918;11.22;3570;RK;RECEIVABLE;RN fiksne mreže;;;
20170731;1;80408288964;506.25;726;CF;COURT DOCUMENT;Sudski trošak;;;
20170731;1;68597501131;590.07;3113;RK;RECEIVABLE;RN fiksne mreže;;;
20170731;1;3882675;8.77;3752;RK;RECEIVABLE;RN fiksne mreže;;;s
20170731;1;90257683695;516.6;2210;CF;COURT DOCUMENT;Sudski trošak;;;
20170731;1;95593409729;170.8;3909;CF;COURT DOCUMENT;Sudski trošak;;;
20170731;1;57677252005;48.09;1418;IC;COURT DOCUMENT;Kamata sud.;;;
20170731;1;84969837354;288.91;4423;MZ;RECEIVABLE;Mig. troškovi;;;
20170731;1;10802379829;202.18;2110;RK;RECEIVABLE;RN fiksne mreže;;;
20170731;1;98328598514;154.43;3327;RK;RECEIVABLE;RN fiksne mreže;;;
20170731;1;21647874923;21.46;503;RK;RECEIVABLE;RN fiksne mreže;;;
20170731;1;89224415673;100;2974;CF;COURT DOCUMENT;Sudski trošak;;;
20170731;1;84830984309;83.44;3511;RK;RECEIVABLE;RN fiksne mreže;;;
20170731;1;68363183199;464.76;3113;RK;RECEIVABLE;RN fiksne mreže;;;
20170731;1;50361226044;1227.11;1505;RK;RECEIVABLE;RN fiksne mreže;;;
20170731;1;49504286909;262.58;1960;RK;RECEIVABLE;RN fiksne mreže;;;
20170731;1;88379007883;57.52;3054;RK;RECEIVABLE;RN fiksne mreže;;;
20170731;1;35195352647;506.25;1438;CF;COURT DOCUMENT;Sudski trošak;;;
20170731;1;40044840199;172.2;2212;CF;COURT DOCUMENT;Sudski trošak;;;
20170731;1;94559693275;227.58;3812;RK;RECEIVABLE;RN fiksne mreže;;;
20170731;1;999999999999;9;2113;RK;RECEIVABLE;RN fiksne mreže;;;
20170731;1;58776526027;577.72;2145;RK;RECEIVABLE;RN fiksne mreže;;;
20170731;1;47673662227;8.01;1260;RK;RECEIVABLE;RN fiksne mreže;;;
20170731;1;84994865927;275.56;3113;RK;RECEIVABLE;RN fiksne mreže;;;
20170731;1;96962182411;20;1113;CF;COURT DOCUMENT;Sudski trošak;;;
20170731;1;N/A;4794.55;2419;CF;COURT DOCUMENT;Sudski trošak;;;
20170731;1;85589615815;596.59;3449;RK;RECEIVABLE;RN fiksne mreže;;;
20170731;1;N/A;382468.81;3836;CF;COURT DOCUMENT;Sudski trošak;;;
20170731;1;38844391445;662.5;1134;CF;COURT DOCUMENT;Sudski trošak;;;
20170731;1;89813348795;170.8;3912;CF;COURT DOCUMENT;Sudski trošak;;;
20170731;1;20007152842;20;1715;RK;RECEIVABLE;RN fiksne mreže;;;
20170731;1;44891105475;1143.75;866;CF;COURT DOCUMENT;Sudski trošak;;;
20170731;1;41411360695;166.77;4269;RK;RECEIVABLE;RN fiksne mreže;;;
20170731;1;8938743756;9;2083;RK;RECEIVABLE;RN fiksne mreže;;;
20170731;1;62550587517;18.45;2597;CF;COURT DOCUMENT;Sudski trošak;;;
20170731;1;16436890939;119.29;2567;RK;RECEIVABLE;RN fiksne mreže;;;
20170731;1;N/A;1718.73;215;CF;COURT DOCUMENT;Sudski trošak;;;
20170731;1;13310397264;1975.07;4358;RK;RECEIVABLE;RN fiksne mreže;;;
20170731;1;40427795508;622.23;5793;MZ;RECEIVABLE;Mig. troškovi;;;
20170731;1;60358615724;88.88;1116;CF;COURT DOCUMENT;Sudski trošak;;;
20170731;1;16797123902;180.47;2534;RK;RECEIVABLE;RN fiksne mreže;;;
20170731;1;4216932088;117.2;3717;CF;COURT DOCUMENT;Sudski trošak;;;
20170731;1;4216932088;128.92;4325;CF;COURT DOCUMENT;Sudski trošak;;;
20170731;1;29694676634;219.64;5063;MZ;RECEIVABLE;Mig. troškovi;;;
20170731;1;8591503433;220.43;3812;RK;RECEIVABLE;RN fiksne mreže;;;
20170731;1;37775305077;134.2;3890;CF;COURT DOCUMENT;Sudski trošak;;;
20170731;1;83298179967;356.8;3054;RK;RECEIVABLE;RN fiksne mreže;;;
20170731;1;25534066459;20;1055;CF;COURT DOCUMENT;Sudski trošak;;;
20170731;1;3474399;2645.65;5735;MZ;RECEIVABLE;Mig. troškovi;;;
20170731;1;N/A;1246.96;4862;MK;COURT DOCUMENT;Mig. kamata;;;
20170731;1;35852783813;183.81;5004;MZ;RECEIVABLE;Mig. troškovi;;;
20170731;1;29776092391;226.31;6412;MZ;RECEIVABLE;Mig. troškovi;;;
20170731;1;82453130213;153.3;2581;CF;COURT DOCUMENT;Sudski trošak;;;
20170731;1;65837101950;4478.62;6596;MZ;RECEIVABLE;Mig. troškovi;;;
20170731;1;50668313983;128.92;4388;CF;COURT DOCUMENT;Sudski trošak;;;
20170731;1;68463057456;8.08;5553;MZ;RECEIVABLE;Mig. troškovi;;;
20170731;1;11625525677;359.17;4574;MZ;RECEIVABLE;Mig. troškovi;;;
20170731;1;11625525677;184.1;4141;CF;COURT DOCUMENT;Sudski trošak;;;
20170731;1;61308700312;200;4659;MC;COURT DOCUMENT;Mig. sudski trošk.;;;
20170731;1;70651958495;100;5467;MC;COURT DOCUMENT;Mig. sudski trošk.;;;
20170731;1;30089312236;305;2880;CF;COURT DOCUMENT;Sudski trošak;;;
20170731;1;88756696947;1301.07;465;CF;COURT DOCUMENT;Sudski trošak;;;
20170731;1;10862828475;1414.33;2354;RK;RECEIVABLE;RN fiksne mreže;;;
20170731;1;65785681831;0;5351;MC;COURT DOCUMENT;Mig. sudski trošk.;;;
20170731;1;44475407530;307.5;2359;CF;COURT DOCUMENT;Sudski trošak;;;
20170731;1;26873624242;656.82;3937;RK;RECEIVABLE;RN fiksne mreže;;;
20170731;1;35701294101;117.2;3664;CF;COURT DOCUMENT;Sudski trošak;;;
20170731;1;90762874419;610;3534;CF;COURT DOCUMENT;Sudski trošak;;;
20170731;1;69833135655;310.85;5764;MZ;RECEIVABLE;Mig. troškovi;;;
20170731;1;69833135655;140;4191;CF;COURT DOCUMENT;Sudski trošak;;;
20170731;1;N/A;412.41;4662;MK;COURT DOCUMENT;Mig. kamata;;;
20170731;1;61657986568;506.25;805;CF;COURT DOCUMENT;Sudski trošak;;;
20170731;1;58388481617;1418.96;5127;MZ;RECEIVABLE;Mig. troškovi;;;
20170731;1;14984552521;3850.05;4300;RK;RECEIVABLE;RN fiksne mreže;;;
20170731;1;N/A;768.42;5578;MC;COURT DOCUMENT;Mig. sudski trošk.;;;
20170731;1;N/A;9528.77;6286;MZ;RECEIVABLE;Mig. troškovi;;;
20170731;1;55842027577;100;5579;MC;COURT DOCUMENT;Mig. sudski trošk.;;;
20170731;1;19297842527;4.88;5127;MZ;RECEIVABLE;Mig. troškovi;;;
20170731;1;60537607781;73.56;4961;MK;COURT DOCUMENT;Mig. kamata;;;
20170731;1;26926996560;287.79;3290;CF;COURT DOCUMENT;Sudski trošak;;;
20170731;1;13428555331;4653.28;6136;MZ;RECEIVABLE;Mig. troškovi;;;
20170731;1;39382567965;715.86;5127;MZ;RECEIVABLE;Mig. troškovi;;;
20170731;1;12504538438;475.8;3899;CF;COURT DOCUMENT;Sudski trošak;;;
20170731;1;50247839267;594.75;2993;RK;RECEIVABLE;RN fiksne mreže;;;
20170731;1;35275452176;438.47;3966;RK;RECEIVABLE;RN fiksne mreže;;;
20170731;1;97365231441;59.89;4118;RK;RECEIVABLE;RN fiksne mreže;;;
20170731;1;19305685419;188.14;3842;RK;RECEIVABLE;RN fiksne mreže;;;
20170731;1;98076079166;561.25;3601;RK;RECEIVABLE;RN fiksne mreže;;;
20170731;1;26726651878;341.48;3173;RK;RECEIVABLE;RN fiksne mreže;;;
20170731;1;93304439036;433;1526;CF;COURT DOCUMENT;Sudski trošak;;;
20170731;1;41256070019;610;3322;CF;COURT DOCUMENT;Sudski trošak;;;
20170731;1;49563323746;305;1323;RK;RECEIVABLE;RN fiksne mreže;;;
20170731;1;34366238222;258.74;3390;RK;RECEIVABLE;RN fiksne mreže;;;
20170731;1;29562153587;187.88;2233;RK;RECEIVABLE;RN fiksne mreže;;;
20170731;1;57133452094;37.5;103;CF;COURT DOCUMENT;Sudski trošak;;;
20170731;1;87143329285;30.06;1282;IC;COURT DOCUMENT;Kamata sud.;;;
20170731;1;54032491756;215.95;3325;RK;RECEIVABLE;RN fiksne mreže;;;
20170731;1;37089142823;1193.1;2005;CF;COURT DOCUMENT;Sudski trošak;;;
20170731;1;12254873692;431.49;2932;RK;RECEIVABLE;RN fiksne mreže;;;
20170731;1;58149397557;291.96;623;RK;RECEIVABLE;RN fiksne mreže;;;
20170731;1;31031966;170.8;3387;CF;COURT DOCUMENT;Sudski trošak;;;
20170731;1;19256066403;345.26;3420;RK;RECEIVABLE;RN fiksne mreže;;;
20170731;1;24402028856;167.54;2384;RK;RECEIVABLE;RN fiksne mreže;;;
20170731;1;11673224140;251.08;2932;RK;RECEIVABLE;RN fiksne mreže;;;
20170731;1;81956152630;400.16;2054;RK;RECEIVABLE;RN fiksne mreže;;;
20170731;1;53784359462;20.56;33;IC;COURT DOCUMENT;Kamata sud.;;;
20170731;1;85104996939;9;2293;RK;RECEIVABLE;RN fiksne mreže;;;
20170731;1;35243997978;20;1292;RK;RECEIVABLE;RN fiksne mreže;;;
20170731;1;72097363418;20;1292;RK;RECEIVABLE;RN fiksne mreže;;;
20170731;1;11506465843;723.45;2719;RK;RECEIVABLE;RN fiksne mreže;;;
20170731;1;99987713083;13.88;902;CF;COURT DOCUMENT;Sudski trošak;;;
20170731;1;62028554824;339.62;3082;RK;RECEIVABLE;RN fiksne mreže;;;
20170731;1;1427711938;13.88;1414;CF;COURT DOCUMENT;Sudski trošak;;;
20170731;1;52054512110;6.45;1780;RK;RECEIVABLE;RN fiksne mreže;;;
20170731;1;71672547968;156.25;1412;CF;COURT DOCUMENT;Sudski trošak;;;
20170731;1;39003132904;615.59;2960;RK;RECEIVABLE;RN fiksne mreže;;;
20170731;1;60883137985;80.94;1627;RK;RECEIVABLE;RN fiksne mreže;;;
20170731;1;31789605444;1467.87;2658;RK;RECEIVABLE;RN fiksne mreže;;;
20170731;1;75022479731;1422.58;2354;RK;RECEIVABLE;RN fiksne mreže;;;
20170731;1;15687832661;421.1;2963;RK;RECEIVABLE;RN fiksne mreže;;;
20170731;1;85759377626;370.73;1322;RK;RECEIVABLE;RN fiksne mreže;;;
20170731;1;51840780494;519.79;3054;RK;RECEIVABLE;RN fiksne mreže;;;
20170731;1;30563366487;20;1425;CF;COURT DOCUMENT;Sudski trošak;;;
20170731;1;88529019766;579.09;2992;RK;RECEIVABLE;RN fiksne mreže;;;
20170731;1;28193996340;92.76;1869;RK;RECEIVABLE;RN fiksne mreže;;;
20170731;1;17683020409;13.88;1279;CF;COURT DOCUMENT;Sudski trošak;;;
20170731;1;84969789826;99.05;2506;RK;RECEIVABLE;RN fiksne mreže;;;
20170731;1;11284957146;79.64;2477;RK;RECEIVABLE;RN fiksne mreže;;;
20170731;1;51247448906;88.64;2142;RK;RECEIVABLE;RN fiksne mreže;;;
20170731;1;5825789423;402.09;2445;RK;RECEIVABLE;RN fiksne mreže;;;
20170731;1;36562751674;37.5;1503;CF;COURT DOCUMENT;Sudski trošak;;;
20170731;1;40366061942;408.92;1384;RK;RECEIVABLE;RN fiksne mreže;;;
20170731;1;52292534391;1478.85;2960;RK;RECEIVABLE;RN fiksne mreže;;;
20170731;1;35483687926;13.9;2328;CF;COURT DOCUMENT;Sudski trošak;;;
20170731;1;73563037737;885.6;2496;CF;COURT DOCUMENT;Sudski trošak;;;
20170731;1;98975289519;41.89;2506;RK;RECEIVABLE;RN fiksne mreže;;;
20170731;1;2793910192;337.89;1476;RK;RECEIVABLE;RN fiksne mreže;;;
20170731;1;2793910192;13.88;1041;CF;COURT DOCUMENT;Sudski trošak;;;
20170731;1;80275033985;510.99;1750;RK;RECEIVABLE;RN fiksne mreže;;;
20170731;1;30451251341;393.68;2236;RK;RECEIVABLE;RN fiksne mreže;;;
20170731;1;30451251341;308.31;2508;RK;RECEIVABLE;RN fiksne mreže;;;
20170731;1;97730843586;470.5;1854;CF;COURT DOCUMENT;Sudski trošak;;;
20170731;1;15700656207;168.44;1809;RK;RECEIVABLE;RN fiksne mreže;;;
20170731;1;92547652993;2172.67;2536;RK;RECEIVABLE;RN fiksne mreže;;;
20170731;1;14327565998;824.1;2223;CF;COURT DOCUMENT;Sudski trošak;;;
20170731;1;22160679908;20;1158;CF;COURT DOCUMENT;Sudski trošak;;;
20170731;1;74192278627;1324.75;2384;RK;RECEIVABLE;RN fiksne mreže;;;
20170731;1;91962421322;275.05;802;CF;COURT DOCUMENT;Sudski trošak;;;
20170731;1;76855637543;826.75;1602;CF;COURT DOCUMENT;Sudski trošak;;;
20170731;1;46263448116;9;2175;RK;RECEIVABLE;RN fiksne mreže;;;
20170731;1;24814712134;1280;2147;CF;COURT DOCUMENT;Sudski trošak;;;
20170731;1;40384348324;80.94;777;RK;RECEIVABLE;RN fiksne mreže;;;
20170731;1;9153510611;1327.35;2233;RK;RECEIVABLE;RN fiksne mreže;;;
20170731;1;61395948377;453.39;2083;RK;RECEIVABLE;RN fiksne mreže;;;
20170731;1;1913122089;432.64;2477;RK;RECEIVABLE;RN fiksne mreže;;;
20170731;1;34246256873;221.19;2142;RK;RECEIVABLE;RN fiksne mreže;;;
20170731;1;26842137251;357.09;1843;RK;RECEIVABLE;RN fiksne mreže;;;
20170731;1;75064047806;920.13;1112;CF;COURT DOCUMENT;Sudski trošak;;;
20170731;1;51694533039;135.57;2142;RK;RECEIVABLE;RN fiksne mreže;;;
20170731;1;77395769730;73.8;2078;RK;RECEIVABLE;RN fiksne mreže;;;
20170731;1;30913206504;818.75;2114;CF;COURT DOCUMENT;Sudski trošak;;;
20170731;1;61132727867;9;2049;RK;RECEIVABLE;RN fiksne mreže;;;
20170731;1;64942429733;9;1872;RK;RECEIVABLE;RN fiksne mreže;;;
20170731;1;66090362134;56.25;1566;RK;RECEIVABLE;RN fiksne mreže;;;
20170731;1;53520605780;32.77;2083;RK;RECEIVABLE;RN fiksne mreže;;;
20170731;1;37685399315;20;1599;RK;RECEIVABLE;RN fiksne mreže;;;
20170731;1;23979687574;9;2054;RK;RECEIVABLE;RN fiksne mreže;;;
20170731;1;55808499274;24.98;1169;RK;RECEIVABLE;RN fiksne mreže;;;
20170731;1;3517322397;591.1;2236;RK;RECEIVABLE;RN fiksne mreže;;;
20170731;1;24505958643;6.24;580;EN;RECEIVABLE;RN električnEnergije;;;
20170731;1;77839937934;1016.59;735;EN;RECEIVABLE;RN električnEnergije;;;
20170731;1;74806179418;1272.75;529;CF;COURT DOCUMENT;Sudski trošak;;;
20170731;1;7146890334;831.25;349;CF;COURT DOCUMENT;Sudski trošak;;;
20170731;1;51039199099;963.99;959;RK;RECEIVABLE;RN fiksne mreže;;;
20170731;1;65854908898;191.84;959;RK;RECEIVABLE;RN fiksne mreže;;;
20170731;1;74006817507;18;2232;RK;RECEIVABLE;RN fiksne mreže;;;
20170731;1;83137620402;446.23;1960;RK;RECEIVABLE;RN fiksne mreže;;;
20170731;1;26415699652;36;1959;RK;RECEIVABLE;RN fiksne mreže;;;
20170731;1;12278512758;233.69;4179;RK;RECEIVABLE;RN fiksne mreže;;;
20170731;1;11990852334;409.69;3420;RK;RECEIVABLE;RN fiksne mreže;;;
20170731;1;N/A;176204.65;2326;RK;RECEIVABLE;RN fiksne mreže;;;
20170731;1;37082286015;75;1624;RK;RECEIVABLE;RN fiksne mreže;;;
20170731;1;83663669868;211.76;4300;RK;RECEIVABLE;RN fiksne mreže;;;
20170731;1;92780599130;20;958;RK;RECEIVABLE;RN fiksne mreže;;;
20170731;1;95667759788;228.63;4300;RK;RECEIVABLE;RN fiksne mreže;;;
20170731;1;96878183379;1213.96;6895;MZ;RECEIVABLE;Mig. troškovi;;;
20170731;1;76951121334;1525;3484;CF;COURT DOCUMENT;Sudski trošak;;;
20170731;1;82683059627;198.27;3723;RK;RECEIVABLE;RN fiksne mreže;;;
20170731;1;97914401907;278.54;2748;RK;RECEIVABLE;RN fiksne mreže;;;
20170731;1;95942884938;36.9;2534;CF;COURT DOCUMENT;Sudski trošak;;;
20170731;1;36049032170;552.5;2688;RK;RECEIVABLE;RN fiksne mreže;;;
20170731;1;73394687712;81.2;4207;RK;RECEIVABLE;RN fiksne mreže;;;
20170731;1;49148629853;61.25;2688;RK;RECEIVABLE;RN fiksne mreže;;;
20170731;1;22660789160;86.1;2567;RK;RECEIVABLE;RN fiksne mreže;;;
20170731;1;76760932438;43.9;1078;RK;RECEIVABLE;RN fiksne mreže;;;
20170731;1;48908013485;73.8;2110;RK;RECEIVABLE;RN fiksne mreže;;;
20170731;1;72410276144;48.78;1019;RK;RECEIVABLE;RN fiksne mreže;;;
20170731;1;72410276144;20;601;CF;COURT DOCUMENT;Sudski trošak;;;
20170731;1;70615839044;20;1487;CF;COURT DOCUMENT;Sudski trošak;;;
20170731;1;90315629751;1191.38;1503;CF;COURT DOCUMENT;Sudski trošak;;;
20170731;1;N/A;317453.68;3601;RK;RECEIVABLE;RN fiksne mreže;;;
20170731;1;98914768672;1892.95;4151;RK;RECEIVABLE;RN fiksne mreže;;;
20170731;1;76483563415;84.73;1654;RK;RECEIVABLE;RN fiksne mreže;;;
20170731;1;55294057335;64.49;4151;RK;RECEIVABLE;RN fiksne mreže;;;
20170731;1;80153250565;19.76;446;IC;COURT DOCUMENT;Kamata sud.;;;
20170731;1;16076245665;1759.69;2779;RK;RECEIVABLE;RN fiksne mreže;;;
20170731;1;93427158019;244.26;3174;RK;RECEIVABLE;RN fiksne mreže;;;
20170731;1;11006645371;781.25;1666;CF;COURT DOCUMENT;Sudski trošak;;;
20170731;1;64944052981;220;4148;CF;COURT DOCUMENT;Sudski trošak;;;
20170731;1;N/A;295098.61;3174;RK;RECEIVABLE;RN fiksne mreže;;;
20170731;1;35566537464;1325.67;1445;RK;RECEIVABLE;RN fiksne mreže;;;
20170731;1;80408288964;107.5;1049;RK;RECEIVABLE;RN fiksne mreže;;;
20170731;1;48023659256;403.97;2595;RK;RECEIVABLE;RN fiksne mreže;;;
20170731;1;90530971312;113.1;2110;RK;RECEIVABLE;RN fiksne mreže;;;
20170731;1;68597501131;1116.86;3203;RK;RECEIVABLE;RN fiksne mreže;;;
20170731;1;29237008068;46.03;4392;MZ;RECEIVABLE;Mig. troškovi;;;
20170731;1;33982154357;56.25;1655;RK;RECEIVABLE;RN fiksne mreže;;;
20170731;1;33982154357;56.25;1566;RK;RECEIVABLE;RN fiksne mreže;;;
20170731;1;49047852082;86.34;1232;RK;RECEIVABLE;RN fiksne mreže;;;
20170731;1;18494698394;638.39;1988;RK;RECEIVABLE;RN fiksne mreže;;;
20170731;1;97778593585;49.24;3356;RK;RECEIVABLE;RN fiksne mreže;;;
20170731;1;54496272544;748.49;2992;RK;RECEIVABLE;RN fiksne mreže;;;
20170731;1;15160717155;352.28;4514;MZ;RECEIVABLE;Mig. troškovi;;;
20170731;1;N/A;5289.42;4141;CF;COURT DOCUMENT;Sudski trošak;;;
20170731;1;6201789387;165.55;2992;RK;RECEIVABLE;RN fiksne mreže;;;
20170731;1;48595968981;257.2;2258;CF;COURT DOCUMENT;Sudski trošak;;;
20170731;1;89146404341;120.31;1750;RK;RECEIVABLE;RN fiksne mreže;;;
20170731;1;N/A;414.3;3832;CF;COURT DOCUMENT;Sudski trošak;;;
20170731;1;11244580991;302.09;1988;RK;RECEIVABLE;RN fiksne mreže;;;
20170731;1;60853705607;446.51;1329;CF;COURT DOCUMENT;Sudski trošak;;;
20170731;1;48030941125;156.25;1474;CF;COURT DOCUMENT;Sudski trošak;;;
20170731;1;17926838335;37.5;649;CF;COURT DOCUMENT;Sudski trošak;;;
20170731;1;11577868206;13.88;824;CF;COURT DOCUMENT;Sudski trošak;;;
20170731;1;99390036462;1054.57;2932;RK;RECEIVABLE;RN fiksne mreže;;;
20170731;1;7672821951;625;1336;CF;COURT DOCUMENT;Sudski trošak;;;
20170731;1;9609330232;746.91;4542;MZ;RECEIVABLE;Mig. troškovi;;;
20170731;1;N/A;4328.79;69;CF;COURT DOCUMENT;Sudski trošak;;;
20170731;1;35458334682;781.25;1805;CF;COURT DOCUMENT;Sudski trošak;;;
20170731;1;22242175142;90;1351;RK;RECEIVABLE;RN fiksne mreže;;;
20170731;1;80185704767;578.14;3540;RK;RECEIVABLE;RN fiksne mreže;;;
20170731;1;81084536953;7.14;165;RK;RECEIVABLE;RN fiksne mreže;;;
20170731;1;43444792337;837.2;2880;CF;COURT DOCUMENT;Sudski trošak;;;
20170731;1;43444792337;79;2960;RK;RECEIVABLE;RN fiksne mreže;;;
20170731;1;4407338109;186.4;1260;RK;RECEIVABLE;RN fiksne mreže;;;
20170731;1;30949826755;20;1292;RK;RECEIVABLE;RN fiksne mreže;;;
20170731;1;90194637873;831.25;1120;CF;COURT DOCUMENT;Sudski trošak;;;
20170731;1;40427795508;415.6;5735;MZ;RECEIVABLE;Mig. troškovi;;;
20170731;1;2570724611;20;4695;MD;COURT DOCUMENT;MIg. trošk. pošte;;;
20170731;1;24852015550;90.28;3540;RK;RECEIVABLE;RN fiksne mreže;;;
20170731;1;31960819327;19.68;3264;RK;RECEIVABLE;RN fiksne mreže;;;
20170731;1;91765069677;54.13;5002;MZ;RECEIVABLE;Mig. troškovi;;;
20170731;1;46904409090;195;5148;MC;COURT DOCUMENT;Mig. sudski trošk.;;;
20170731;1;83298179967;547.7;3023;RK;RECEIVABLE;RN fiksne mreže;;;
20170731;1;25534066459;286.8;1413;RK;RECEIVABLE;RN fiksne mreže;;;
20170731;1;78067529801;153.66;927;RK;RECEIVABLE;RN fiksne mreže;;;
20170731;1;3474399;1015.7;5702;MZ;RECEIVABLE;Mig. troškovi;;;
20170731;1;49003663845;155.84;4542;MZ;RECEIVABLE;Mig. troškovi;;;
20170731;1;68736204161;305;3227;CF;COURT DOCUMENT;Sudski trošak;;;
20170731;1;22075067254;120.6;6125;MC;COURT DOCUMENT;Mig. sudski trošk.;;;
20170731;1;N/A;66.64;4401;MK;COURT DOCUMENT;Mig. kamata;;;
20170731;1;N/A;4540;5528;MC;COURT DOCUMENT;Mig. sudski trošk.;;;
20170731;1;63241541746;117.2;2461;CF;COURT DOCUMENT;Sudski trošak;;;
20170731;1;81918478681;717.55;5157;MZ;RECEIVABLE;Mig. troškovi;;;
20170731;1;20176039212;117.2;2861;CF;COURT DOCUMENT;Sudski trošak;;;
20170731;1;3646181;314.3;6958;MZ;RECEIVABLE;Mig. troškovi;;;
20170731;1;1293893;145.81;6988;MZ;RECEIVABLE;Mig. troškovi;;;
20170731;1;92450900030;139.9;4851;MZ;RECEIVABLE;Mig. troškovi;;;
20170731;1;29128219544;385.94;2022;RK;RECEIVABLE;RN fiksne mreže;;;
20170731;1;15014067409;79.64;2355;RK;RECEIVABLE;RN fiksne mreže;;;
20170731;1;47795465024;227.53;441;CF;COURT DOCUMENT;Sudski trošak;;;
20170731;1;39149377273;838.8;4027;RK;RECEIVABLE;RN fiksne mreže;;;
20170731;1;N/A;4150.89;5255;MK;COURT DOCUMENT;Mig. kamata;;;
20170731;1;58388481617;615.5;1685;CF;COURT DOCUMENT;Sudski trošak;;;
20170731;1;46103883033;20;3962;CF;COURT DOCUMENT;Sudski trošak;;;
20170731;1;99236671025;809.51;4667;MZ;RECEIVABLE;Mig. troškovi;;;
20170731;1;94630565355;184.66;4606;MZ;RECEIVABLE;Mig. troškovi;;;
20170731;1;N/A;109.63;6859;MK;COURT DOCUMENT;Mig. kamata;;;
20170731;1;68928942916;134.96;5890;MZ;RECEIVABLE;Mig. troškovi;;;
20170731;1;55551362033;117.2;3731;CF;COURT DOCUMENT;Sudski trošak;;;
20170731;1;18665663660;133.26;2932;RK;RECEIVABLE;RN fiksne mreže;;;
20170731;1;85246968815;44.77;5218;MZ;RECEIVABLE;Mig. troškovi;;;
20170731;1;50247839267;337.03;2932;RK;RECEIVABLE;RN fiksne mreže;;;
20170731;1;97365231441;1052.24;767;IC;COURT DOCUMENT;Kamata sud.;;;
20170731;1;2161714;40;2988;CF;COURT DOCUMENT;Sudski trošak;;;
20170731;1;99204135877;20;1215;CF;COURT DOCUMENT;Sudski trošak;;;
20170731;1;46125945237;1063.89;3875;RK;RECEIVABLE;RN fiksne mreže;;;
20170731;1;N/A;1706.06;3234;CF;COURT DOCUMENT;Sudski trošak;;;
20170731;1;97031488507;16.14;138;RK;RECEIVABLE;RN fiksne mreže;;;
20170731;1;56943282178;126.12;3570;RK;RECEIVABLE;RN fiksne mreže;;;
20170731;1;87143329285;920.13;1327;CF;COURT DOCUMENT;Sudski trošak;;;
20170731;1;72960785046;375.52;2567;RK;RECEIVABLE;RN fiksne mreže;;;
20170731;1;37089142823;9;1929;RK;RECEIVABLE;RN fiksne mreže;;;
20170731;1;54394114093;488;3311;CF;COURT DOCUMENT;Sudski trošak;;;
20170731;1;93969580022;115.33;3631;RK;RECEIVABLE;RN fiksne mreže;;;
20170731;1;82014276992;60.45;1689;RK;RECEIVABLE;RN fiksne mreže;;;
20170731;1;87055086258;567.65;2719;RK;RECEIVABLE;RN fiksne mreže;;;
20170731;1;73454745050;329.4;3517;CF;COURT DOCUMENT;Sudski trošak;;;
20170731;1;65774068048;40;896;RK;RECEIVABLE;RN fiksne mreže;;;
20170731;1;82746110250;9;1903;RK;RECEIVABLE;RN fiksne mreže;;;
20170731;1;979056166;353.26;3663;RK;RECEIVABLE;RN fiksne mreže;;;
20170731;1;1967074902;20;1505;RK;RECEIVABLE;RN fiksne mreže;;;
20170731;1;27874741253;1090.74;2960;RK;RECEIVABLE;RN fiksne mreže;;;
20170731;1;25092953931;662.5;957;CF;COURT DOCUMENT;Sudski trošak;;;
20170731;1;53784359462;19.49;198;IC;COURT DOCUMENT;Kamata sud.;;;
20170731;1;39593015910;234.81;2960;RK;RECEIVABLE;RN fiksne mreže;;;
20170731;1;70919456608;837.2;2456;CF;COURT DOCUMENT;Sudski trošak;;;
20170731;1;35243997978;20;1413;RK;RECEIVABLE;RN fiksne mreže;;;
20170731;1;94649377770;155.94;1020;RK;RECEIVABLE;RN fiksne mreže;;;
20170731;1;15628111;20;2692;CF;COURT DOCUMENT;Sudski trošak;;;
20170731;1;4566583684;2965.14;2901;RK;RECEIVABLE;RN fiksne mreže;;;
20170731;1;41524769015;759.53;1260;RK;RECEIVABLE;RN fiksne mreže;;;
20170731;1;37524910121;979;846;CF;COURT DOCUMENT;Sudski trošak;;;
20170731;1;103503964;535.52;2932;RK;RECEIVABLE;RN fiksne mreže;;;
20170731;1;53602549822;358.6;2142;RK;RECEIVABLE;RN fiksne mreže;;;
20170731;1;82112986603;1525.16;2506;RK;RECEIVABLE;RN fiksne mreže;;;
20170731;1;N/A;586.94;1466;CF;COURT DOCUMENT;Sudski trošak;;;
20170731;1;7365995508;1230;2491;CF;COURT DOCUMENT;Sudski trošak;;;
20170731;1;6419737934;344.4;2009;CF;COURT DOCUMENT;Sudski trošak;;;
20170731;1;41399120673;18;2236;RK;RECEIVABLE;RN fiksne mreže;;;
20170731;1;58584674276;741.89;2719;RK;RECEIVABLE;RN fiksne mreže;;;
20170731;1;5227818768;310.49;868;RK;RECEIVABLE;RN fiksne mreže;;;
20170731;1;84853932117;177.71;2628;RK;RECEIVABLE;RN fiksne mreže;;;
20170731;1;54071629107;81.58;695;IC;COURT DOCUMENT;Kamata sud.;;;
20170731;1;12370929717;8760.25;2415;RK;RECEIVABLE;RN fiksne mreže;;;
20170731;1;99999999999;3890.17;2384;RK;RECEIVABLE;RN fiksne mreže;;;
20170731;1;24216368943;13.88;1008;CF;COURT DOCUMENT;Sudski trošak;;;
20170731;1;24216368943;945.5;1511;CF;COURT DOCUMENT;Sudski trošak;;;
20170731;1;7086700752;235.38;1146;CF;COURT DOCUMENT;Sudski trošak;;;
20170731;1;7098786863;111.94;1777;RK;RECEIVABLE;RN fiksne mreže;;;
20170731;1;52634300627;42.99;2142;RK;RECEIVABLE;RN fiksne mreže;;;
20170731;1;87112302120;937.5;1578;CF;COURT DOCUMENT;Sudski trošak;;;
20170731;1;8431833419;20;605;CF;COURT DOCUMENT;Sudski trošak;;;
20170731;1;24814712134;163.62;1474;IC;COURT DOCUMENT;Kamata sud.;;;
20170731;1;40384348324;80.94;1202;RK;RECEIVABLE;RN fiksne mreže;;;
20170731;1;61395948377;56.25;1323;RK;RECEIVABLE;RN fiksne mreže;;;
20170731;1;61395948377;56.25;1654;RK;RECEIVABLE;RN fiksne mreže;;;
20170731;1;56949881831;18;2110;RK;RECEIVABLE;RN fiksne mreže;;;
20170731;1;71136454901;630.93;2236;RK;RECEIVABLE;RN fiksne mreže;;;
20170731;1;43859102309;95.1;2142;RK;RECEIVABLE;RN fiksne mreže;;;
20170731;1;64732780424;20;1596;RK;RECEIVABLE;RN fiksne mreže;;;
20170731;1;32106621329;837.2;2125;CF;COURT DOCUMENT;Sudski trošak;;;
20170731;1;51694533039;121.51;2172;RK;RECEIVABLE;RN fiksne mreže;;;
20170731;1;48620391456;625;1040;CF;COURT DOCUMENT;Sudski trošak;;;
20170731;1;95206756679;166.5;2083;RK;RECEIVABLE;RN fiksne mreže;;;
20170731;1;21535723977;6.53;1599;RK;RECEIVABLE;RN fiksne mreže;;;
20170731;1;87718035483;37.5;1356;CF;COURT DOCUMENT;Sudski trošak;;;
20170731;1;56984652525;1143.45;1654;RK;RECEIVABLE;RN fiksne mreže;;;
20170731;1;20435767283;40;1141;RK;RECEIVABLE;RN fiksne mreže;;;
20170731;1;25457469148;14.5;616;CF;COURT DOCUMENT;Sudski trošak;;;
20170731;1;83389900496;73.8;2083;RK;RECEIVABLE;RN fiksne mreže;;;
20170731;1;94790518592;201.84;1445;RK;RECEIVABLE;RN fiksne mreže;;;
20170731;1;23330370495;257.68;1623;RK;RECEIVABLE;RN fiksne mreže;;;
20170731;1;44333487360;288.11;2142;RK;RECEIVABLE;RN fiksne mreže;;;
20170731;1;73770190521;324.6;1476;RK;RECEIVABLE;RN fiksne mreže;;;
20170731;1;62364008492;97.34;1719;RK;RECEIVABLE;RN fiksne mreže;;;
20170731;1;69656873335;37.5;1193;CF;COURT DOCUMENT;Sudski trošak;;;
20170731;1;32597919209;75;1049;RK;RECEIVABLE;RN fiksne mreže;;;
20170731;1;32597919209;75;1600;RK;RECEIVABLE;RN fiksne mreže;;;
20170731;1;60282095500;311.81;1929;RK;RECEIVABLE;RN fiksne mreže;;;
20170731;1;74555411206;40;1509;CF;COURT DOCUMENT;Sudski trošak;;;
20170731;1;654959979;75;1078;RK;RECEIVABLE;RN fiksne mreže;;;
20170731;1;76388912623;20;1020;RK;RECEIVABLE;RN fiksne mreže;;;
20170731;1;72628710983;618.9;2203;RK;RECEIVABLE;RN fiksne mreže;;;
20170731;1;19145063772;29.04;1201;RK;RECEIVABLE;RN fiksne mreže;;;
20170731;1;73043576014;18;2054;RK;RECEIVABLE;RN fiksne mreže;;;
20170731;1;22424096130;20;1537;RK;RECEIVABLE;RN fiksne mreže;;;
20170731;1;51561467951;37.5;970;CF;COURT DOCUMENT;Sudski trošak;;;
20170731;1;39777875197;532.63;858;CF;COURT DOCUMENT;Sudski trošak;;;
20170731;1;66866255628;46.7;1260;RK;RECEIVABLE;RN fiksne mreže;;;
20170731;1;53579146087;368.54;1172;RK;RECEIVABLE;RN fiksne mreže;;;
20170731;1;68664888154;20;1687;RK;RECEIVABLE;RN fiksne mreže;;;
20170731;1;3482934398;686.65;1988;RK;RECEIVABLE;RN fiksne mreže;;;
20170731;1;16288901046;256.25;958;RK;RECEIVABLE;RN fiksne mreže;;;
20170731;1;46081570526;20;1384;RK;RECEIVABLE;RN fiksne mreže;;;
20170731;1;87420964502;420.69;1476;RK;RECEIVABLE;RN fiksne mreže;;;
20170731;1;33450681367;20;1141;RK;RECEIVABLE;RN fiksne mreže;;;
20170731;1;12498177990;1987.86;1110;RK;RECEIVABLE;RN fiksne mreže;;;
20170731;1;54038163196;70;1169;RK;RECEIVABLE;RN fiksne mreže;;;
20170731;1;88718656543;299.69;1232;RK;RECEIVABLE;RN fiksne mreže;;;
20170731;1;64261720322;105.16;1445;RK;RECEIVABLE;RN fiksne mreže;;;
20170731;1;78762034792;320.03;1232;RK;RECEIVABLE;RN fiksne mreže;;;
20170731;1;327334762;129;523;CF;COURT DOCUMENT;Sudski trošak;;;
20170731;1;11096894305;2079.66;672;EN;RECEIVABLE;RN električnEnergije;;;
20170731;1;28623548672;85.89;4027;RK;RECEIVABLE;RN fiksne mreže;;;
20170731;1;28623548672;29.99;4151;RK;RECEIVABLE;RN fiksne mreže;;;
20170731;1;35069997153;34.71;1987;RK;RECEIVABLE;RN fiksne mreže;;;
20170731;1;75474935055;691.75;2050;RK;RECEIVABLE;RN fiksne mreže;;;
20170731;1;83903194898;134.2;4059;CF;COURT DOCUMENT;Sudski trošak;;;
20170731;1;75348430119;315.1;1777;RK;RECEIVABLE;RN fiksne mreže;;;
20170731;1;5144405340;80.94;1566;RK;RECEIVABLE;RN fiksne mreže;;;
20170731;1;81208419949;51.4;1323;RK;RECEIVABLE;RN fiksne mreže;;;
20170731;1;78973028810;98.42;1566;RK;RECEIVABLE;RN fiksne mreže;;;
20170731;1;48460015852;11.3;2460;CF;COURT DOCUMENT;Sudski trošak;;;
20170731;1;59064227849;238.97;2202;RK;RECEIVABLE;RN fiksne mreže;;;
20170731;1;78541755174;979.3;1260;RK;RECEIVABLE;RN fiksne mreže;;;
20170731;1;78541755174;72.34;1202;RK;RECEIVABLE;RN fiksne mreže;;;
20170731;1;93866453409;299.85;3486;CF;COURT DOCUMENT;Sudski trošak;;;
20170731;1;65898910735;82.59;3420;RK;RECEIVABLE;RN fiksne mreže;;;
20170731;1;65898910735;170.8;3307;CF;COURT DOCUMENT;Sudski trošak;;;
20170731;1;76951121334;1237.88;4207;RK;RECEIVABLE;RN fiksne mreže;;;
20170731;1;15069321615;523.62;4455;MZ;RECEIVABLE;Mig. troškovi;;;
20170731;1;21854071031;102.39;3420;RK;RECEIVABLE;RN fiksne mreže;;;
20170731;1;30576281715;990.86;2595;RK;RECEIVABLE;RN fiksne mreže;;;
20170731;1;50555406720;829;846;CF;COURT DOCUMENT;Sudski trošak;;;
20170731;1;52569234954;123;2203;CF;COURT DOCUMENT;Sudski trošak;;;
20170731;1;35442100538;20;1655;RK;RECEIVABLE;RN fiksne mreže;;;
20170731;1;61978920065;406.14;3143;RK;RECEIVABLE;RN fiksne mreže;;;
20170731;1;72410276144;48.78;808;RK;RECEIVABLE;RN fiksne mreže;;;
20170731;1;5689203227;881.12;3295;RK;RECEIVABLE;RN fiksne mreže;;;
20170731;1;90315629751;156.25;1258;CF;COURT DOCUMENT;Sudski trošak;;;
20170731;1;98640836569;421.08;2595;RK;RECEIVABLE;RN fiksne mreže;;;
20170731;1;58879532939;456.76;2992;RK;RECEIVABLE;RN fiksne mreže;;;
20170731;1;90630614286;506.25;831;CF;COURT DOCUMENT;Sudski trošak;;;
20170731;1;29254547344;2045.78;2264;RK;RECEIVABLE;RN fiksne mreže;;;
20170731;1;44467330307;881.47;2932;RK;RECEIVABLE;RN fiksne mreže;;;
20170731;1;2544342080;20;728;CF;COURT DOCUMENT;Sudski trošak;;;
20170731;1;34383331110;837.2;2702;CF;COURT DOCUMENT;Sudski trošak;;;
20170731;1;N/A;189551.18;3204;RK;RECEIVABLE;RN fiksne mreže;;;
20170731;1;48023659256;520.98;2629;RK;RECEIVABLE;RN fiksne mreže;;;
20170731;1;17785156285;120;4162;CF;COURT DOCUMENT;Sudski trošak;;;
20170731;1;92270964;154.44;4269;RK;RECEIVABLE;RN fiksne mreže;;;
20170731;1;7462902888;249.2;4606;MZ;RECEIVABLE;Mig. troškovi;;;
20170731;1;47796712200;329.4;3358;CF;COURT DOCUMENT;Sudski trošak;;;
20170731;1;78414554758;155.71;2477;RK;RECEIVABLE;RN fiksne mreže;;;
20170731;1;74437229739;227.04;3113;RK;RECEIVABLE;RN fiksne mreže;;;
20170731;1;70210895856;156.25;432;CF;COURT DOCUMENT;Sudski trošak;;;
20170731;1;N/A;1995;1283;CF;COURT DOCUMENT;Sudski trošak;;;
20170731;1;19243094817;43.55;1624;RK;RECEIVABLE;RN fiksne mreže;;;
20170731;1;88892025413;37.5;2922;CF;COURT DOCUMENT;Sudski trošak;;;
20170731;1;74297059529;337.5;2322;CF;COURT DOCUMENT;Sudski trošak;;;
20170731;1;13742638427;77.64;4392;MZ;RECEIVABLE;Mig. troškovi;;;
20170731;1;75788910381;37.5;2922;CF;COURT DOCUMENT;Sudski trošak;;;
20170731;1;21644395155;120.23;1624;RK;RECEIVABLE;RN fiksne mreže;;;
20170731;1;7720975529;85.03;4300;RK;RECEIVABLE;RN fiksne mreže;;;
20170731;1;22270520494;512.65;1689;RK;RECEIVABLE;RN fiksne mreže;;;
20170731;1;91760984394;220.13;990;CF;COURT DOCUMENT;Sudski trošak;;;
20170731;1;50805562763;329.4;3315;CF;COURT DOCUMENT;Sudski trošak;;;
20170731;1;60853705607;398.06;1600;RK;RECEIVABLE;RN fiksne mreže;;;
20170731;1;48030941125;341.6;3496;CF;COURT DOCUMENT;Sudski trošak;;;
20170731;1;98652802350;102.62;2597;RK;RECEIVABLE;RN fiksne mreže;;;
20170731;1;44215245464;183.66;3601;RK;RECEIVABLE;RN fiksne mreže;;;
20170731;1;29966667599;213.71;2688;RK;RECEIVABLE;RN fiksne mreže;;;
20170731;1;N/A;4033.35;1222;CF;COURT DOCUMENT;Sudski trošak;;;
20170731;1;28155377316;45.19;902;IC;COURT DOCUMENT;Kamata sud.;;;
20170731;1;62550587517;18.45;2722;CF;COURT DOCUMENT;Sudski trošak;;;
20170731;1;72781722430;534.44;1596;RK;RECEIVABLE;RN fiksne mreže;;;
20170731;1;36757950755;135.83;1260;RK;RECEIVABLE;RN fiksne mreže;;;
20170731;1;79436126564;132.98;4269;RK;RECEIVABLE;RN fiksne mreže;;;
20170731;1;15271082875;1186.24;3936;RK;RECEIVABLE;RN fiksne mreže;;;
20170731;1;65838400605;23.56;254;IC;COURT DOCUMENT;Kamata sud.;;;
20170731;1;98318808519;203.98;4240;RK;RECEIVABLE;RN fiksne mreže;;;
20170731;1;24292187062;2056.19;3631;RK;RECEIVABLE;RN fiksne mreže;;;
20170731;1;8849926747;700.77;4240;RK;RECEIVABLE;RN fiksne mreže;;;
20170731;1;3474399;1672.79;5791;MZ;RECEIVABLE;Mig. troškovi;;;
20170731;1;43573413270;117.2;3472;CF;COURT DOCUMENT;Sudski trošak;;;
20170731;1;27145943568;18;2110;RK;RECEIVABLE;RN fiksne mreže;;;
20170731;1;71315597134;128.92;1896;CF;COURT DOCUMENT;Sudski trošak;;;
20170731;1;N/A;949.8;5893;MC;COURT DOCUMENT;Mig. sudski trošk.;;;
20170731;1;79885054273;20;5430;MD;COURT DOCUMENT;MIg. trošk. pošte;;;
20170731;1;25307136836;357.52;5641;MZ;RECEIVABLE;Mig. troškovi;;;
20170731;1;N/A;6898.87;2897;CF;COURT DOCUMENT;Sudski trošak;;;
20170731;1;88704647489;346.01;987;RK;RECEIVABLE;RN fiksne mreže;;;
20170731;1;25447346130;100;5017;MC;COURT DOCUMENT;Mig. sudski trošk.;;;
20170731;1;78671658208;20;4462;MD;COURT DOCUMENT;MIg. trošk. pošte;;;
20170731;1;73640838207;162.44;2083;RK;RECEIVABLE;RN fiksne mreže;;;
20170731;1;90656820725;296.01;4819;MZ;RECEIVABLE;Mig. troškovi;;;
20170731;1;46759679131;100;4505;MC;COURT DOCUMENT;Mig. sudski trošk.;;;
20170731;1;18846532617;645.23;4788;MZ;RECEIVABLE;Mig. troškovi;;;
20170731;1;20176039212;117.2;3182;CF;COURT DOCUMENT;Sudski trošak;;;
20170731;1;289825;200;5134;MC;COURT DOCUMENT;Mig. sudski trošk.;;;
20170731;1;N/A;1569.36;5645;MK;COURT DOCUMENT;Mig. kamata;;;
20170731;1;44475407530;117.2;4938;MC;COURT DOCUMENT;Mig. sudski trošk.;;;
20170731;1;34021488133;349.09;5096;MZ;RECEIVABLE;Mig. troškovi;;;
20170731;1;24907107744;80;2422;CF;COURT DOCUMENT;Sudski trošak;;;
20170731;1;32558970790;20;1104;CF;COURT DOCUMENT;Sudski trošak;;;
20170731;1;N/A;700;4792;MC;COURT DOCUMENT;Mig. sudski trošk.;;;
20170731;1;73590267994;117.2;3022;CF;COURT DOCUMENT;Sudski trošak;;;
20170731;1;25941510109;170.8;3959;CF;COURT DOCUMENT;Sudski trošak;;;
20170731;1;5836616855;129;437;CF;COURT DOCUMENT;Sudski trošak;;;
20170731;1;94630565355;102.63;4543;MZ;RECEIVABLE;Mig. troškovi;;;
20170731;1;73711342300;135.01;1869;RK;RECEIVABLE;RN fiksne mreže;;;
20170731;1;44409476437;120.6;4067;CF;COURT DOCUMENT;Sudski trošak;;;
20170731;1;13523120370;1146.68;5095;MZ;RECEIVABLE;Mig. troškovi;;;
20170731;1;80035980796;639.55;3904;RK;RECEIVABLE;RN fiksne mreže;;;
20170731;0;34059884730;160.01;4;EN;RECEIVABLE;RN električnEnergije;;;
20170731;0;57488168963;128.34;137;RK;RECEIVABLE;RN fiksne mreže;;;
20170731;0;24967638996;73.48;343;EN;RECEIVABLE;RN električnEnergije;;;
20170731;0;4980538323;458.92;77;RK;RECEIVABLE;RN fiksne mreže;;;
20170731;0;24967638996;77.38;399;EN;RECEIVABLE;RN električnEnergije;;;
20170731;0;13469013873;135.04;45;RK;RECEIVABLE;RN fiksne mreže;;;
20170731;0;13469013873;168.5;104;RK;RECEIVABLE;RN fiksne mreže;;;
20170731;0;36809280107;409.81;-21;RK;RECEIVABLE;RN fiksne mreže;;;
20170731;0;53227463866;244.36;98;EN;RECEIVABLE;RN električnEnergije;;;
20170731;0;5725040759;42.16;68;EN;RECEIVABLE;RN električnEnergije;;;
20170731;0;67930158481;373.8;77;RK;RECEIVABLE;RN fiksne mreže;;;
20170731;0;76956951109;255.19;1049;RK;RECEIVABLE;RN fiksne mreže;;;
20170731;0;17841423142;1069.51;228;RK;RECEIVABLE;RN fiksne mreže;;;
20170731;0;82375803;517.26;165;RK;RECEIVABLE;RN fiksne mreže;;;
20170731;0;13469013873;165.2;77;RK;RECEIVABLE;RN fiksne mreže;;;
20170731;0;81458440313;147.09;4151;RK;RECEIVABLE;RN fiksne mreže;;;
20170731;0;25034377783;130;138;RK;RECEIVABLE;RN fiksne mreže;;;
20170731;0;96433401430;286.25;166;RK;RECEIVABLE;RN fiksne mreže;;;
20170731;0;99893690197;78.23;1049;RK;RECEIVABLE;RN fiksne mreže;;;
20170731;0;40506704107;178.28;1049;RK;RECEIVABLE;RN fiksne mreže;;;
20170731;0;1319992853;416.01;258;RK;RECEIVABLE;RN fiksne mreže;;;
20170731;0;81178558760;116.09;77;RK;RECEIVABLE;RN fiksne mreže;;;
20170731;0;11767336766;387.48;196;RK;RECEIVABLE;RN fiksne mreže;;;
20170731;0;79016855271;166.96;319;RK;RECEIVABLE;RN fiksne mreže;;;
20170731;0;64712336968;687.5;104;RK;RECEIVABLE;RN fiksne mreže;;;
20170731;0;10605624306;17.76;1015;IN;RECEIVABLE;RN mobilneMreže;;;
20170731;0;12147796739;1290.26;196;IN;RECEIVABLE;RN mobilneMreže;;;
20170731;0;48234826779;154.06;5218;ZI;RECEIVABLE;MT Migr. račun;;;
20170731;0;7649686798;228.32;4608;ZI;RECEIVABLE;MT Migr. račun;;;
20170731;0;89209113164;52514.98;1308;NP;PB_SETTLEMENT RECEIVABLE;NP nagodba PSN;;;
20170731;0;65245454011;498.7;609;NP;PB_SETTLEMENT RECEIVABLE;NP nagodba PSN;;;
20170731;0;65245454011;498.7;578;NP;PB_SETTLEMENT RECEIVABLE;NP nagodba PSN;;;
20170731;0;29069447905;2.2;-154;NP;PB_SETTLEMENT RECEIVABLE;NP nagodba PSN;;;
20170731;0;17862876435;40.4;623;IN;RECEIVABLE;RN mobilneMreže;;;
20170731;0;4833395560;53.12;-709;NP;PB_SETTLEMENT RECEIVABLE;NP nagodba PSN;;;
20170731;0;30679140362;16.88;-207;NP;PB_SETTLEMENT RECEIVABLE;NP nagodba PSN;;;
20170731;0;95572407192;319.93;365;NP;PB_SETTLEMENT RECEIVABLE;NP nagodba PSN;;;
20170731;0;47079147269;35.39;470;NP;PB_SETTLEMENT RECEIVABLE;NP nagodba PSN;;;
20170731;0;44892488481;369.9;-943;NP;PB_SETTLEMENT RECEIVABLE;NP nagodba PSN;;;
20170731;0;33231272976;344.3;-1339;NP;PB_SETTLEMENT RECEIVABLE;NP nagodba PSN;;;
20170731;0;31829337684;1106.72;42945;PO;EMPLOYEE LOANS;Pozajmice zaposl.;;;
20170731;0;88238873994;4.98;-366;NP;PB_SETTLEMENT RECEIVABLE;NP nagodba PSN;;;
20170731;0;47079147269;35.39;-229;NP;PB_SETTLEMENT RECEIVABLE;NP nagodba PSN;;;
20170731;0;27118340666;339.3;61;NP;PB_SETTLEMENT RECEIVABLE;NP nagodba PSN;;;
20170731;0;HR86867407228;112.46;77;RK;RECEIVABLE;RN fiksne mreže;;;
20170731;0;26720616399;98.49;153;NP;PB_SETTLEMENT RECEIVABLE;NP nagodba PSN;;;
20170731;0;10920513471;5202;14;IN;RECEIVABLE;RN mobilneMreže;;;
20170731;0;77728760907;20;-1007;NP;PB_SETTLEMENT RECEIVABLE;NP nagodba PSN;;;
20170731;0;16160679644;287.93;138;RK;RECEIVABLE;RN fiksne mreže;;;
20170731;0;99366506501;119;166;IN;RECEIVABLE;RN mobilneMreže;;;
20170731;0;4833395560;53.12;-71;NP;PB_SETTLEMENT RECEIVABLE;NP nagodba PSN;;;
20170731;0;64090455999;6.24;-1196;NP;PB_SETTLEMENT RECEIVABLE;NP nagodba PSN;;;
20170731;0;73992042247;27.63;-441;NP;PB_SETTLEMENT RECEIVABLE;NP nagodba PSN;;;
20170731;0;30679140362;16.88;-388;NP;PB_SETTLEMENT RECEIVABLE;NP nagodba PSN;;;
20170731;0;38560801148;445.21;-15;NP;PB_SETTLEMENT RECEIVABLE;NP nagodba PSN;;;
20170731;0;29069447905;2.2;-670;NP;PB_SETTLEMENT RECEIVABLE;NP nagodba PSN;;;
20170731;0;12593578342;1012.96;-18;IN;RECEIVABLE;RN mobilneMreže;;;
20170731;0;9599927139;389.98;252;IN;RECEIVABLE;RN mobilneMreže;;;
20170731;0;94529108289;396.25;252;IN;RECEIVABLE;RN mobilneMreže;;;
20170731;0;88238873994;4.98;-823;NP;PB_SETTLEMENT RECEIVABLE;NP nagodba PSN;;;
20170731;0;38703958311;276.5;486;NP;PB_SETTLEMENT RECEIVABLE;NP nagodba PSN;;;
20170731;0;62931734416;51.92;-274;NP;PB_SETTLEMENT RECEIVABLE;NP nagodba PSN;;;
20170731;0;54454132048;79.27;838;NP;PB_SETTLEMENT RECEIVABLE;NP nagodba PSN;;;
20170731;0;45873188910;537.02;121;NP;PB_SETTLEMENT RECEIVABLE;NP nagodba PSN;;;
20170731;0;19697590163;216.49;14;RK;RECEIVABLE;RN fiksne mreže;;;
20170731;0;84426517506;258;166;IN;RECEIVABLE;RN mobilneMreže;;;
20170731;0;48275536815;686.55;5277;ZI;RECEIVABLE;MT Migr. račun;;;
20170731;0;6362304976;60.81;258;IN;RECEIVABLE;RN mobilneMreže;;;
20170731;0;11251859639;225.92;5430;ZI;RECEIVABLE;MT Migr. račun;;;
20170731;0;77728760907;20;-702;NP;PB_SETTLEMENT RECEIVABLE;NP nagodba PSN;;;
20170731;0;16263488961;1240;896;IN;RECEIVABLE;RN mobilneMreže;;;
20170731;0;62931734416;51.92;-93;NP;PB_SETTLEMENT RECEIVABLE;NP nagodba PSN;;;
20170731;0;11119953057;2449.38;943;NP;PB_SETTLEMENT RECEIVABLE;NP nagodba PSN;;;
20170731;0;32067284355;223.67;5400;ZI;RECEIVABLE;MT Migr. račun;;;
20170731;0;82597769816;209;138;IN;RECEIVABLE;RN mobilneMreže;;;
20170731;0;17445825926;62.79;-212;NP;PB_SETTLEMENT RECEIVABLE;NP nagodba PSN;;;
20170731;0;17445825926;62.79;-549;NP;PB_SETTLEMENT RECEIVABLE;NP nagodba PSN;;;
20170731;0;1111758423;314.84;4883;ZI;RECEIVABLE;MT Migr. račun;;;
20170731;0;92142520079;21.45;-635;NP;PB_SETTLEMENT RECEIVABLE;NP nagodba PSN;;;
20170731;0;59551688569;349.37;5430;ZI;RECEIVABLE;MT Migr. račun;;;
20170731;0;73992042247;27.63;-349;NP;PB_SETTLEMENT RECEIVABLE;NP nagodba PSN;;;
20170731;0;53787708403;151.27;837;NP;PB_SETTLEMENT RECEIVABLE;NP nagodba PSN;;;
20170731;0;11615531954;25;45;IN;RECEIVABLE;RN mobilneMreže;;;
20170731;0;77728760907;20;-429;NP;PB_SETTLEMENT RECEIVABLE;NP nagodba PSN;;;
20170731;0;17445825926;62.79;-914;NP;PB_SETTLEMENT RECEIVABLE;NP nagodba PSN;;;
20170731;0;38703958311;276.5;585;NP;PB_SETTLEMENT RECEIVABLE;NP nagodba PSN;;;
20170731;0;50414632521;1614.29;655;IN;RECEIVABLE;RN mobilneMreže;;;
20170731;0;2560066145;30;1076;IN;RECEIVABLE;RN mobilneMreže;;;
20170731;0;62931734416;51.92;-427;NP;PB_SETTLEMENT RECEIVABLE;NP nagodba PSN;;;
20170731;0;11119953057;2449.38;1308;NP;PB_SETTLEMENT RECEIVABLE;NP nagodba PSN;;;
20170731;0;30679140362;16.88;889;NP;PB_SETTLEMENT RECEIVABLE;NP nagodba PSN;;;
20170731;0;79829645365;165.81;4974;ZI;RECEIVABLE;MT Migr. račun;;;
20170731;0;83131790902;252.72;196;RK;RECEIVABLE;RN fiksne mreže;;;
20170731;0;0;2030;14;IN;RECEIVABLE;RN mobilneMreže;;;
20170731;0;32927334592;4.35;77;IN;RECEIVABLE;RN mobilneMreže;;;
20170731;0;97045333591;1809.28;883;NP;PB_SETTLEMENT RECEIVABLE;NP nagodba PSN;;;
20170731;0;38703958311;276.5;180;NP;PB_SETTLEMENT RECEIVABLE;NP nagodba PSN;;;
20170731;0;1111758423;80.52;4822;ZI;RECEIVABLE;MT Migr. račun;;;
20170731;0;27118340666;339.3;-549;NP;PB_SETTLEMENT RECEIVABLE;NP nagodba PSN;;;
20170731;0;62445713906;414.33;928;NP;PB_SETTLEMENT RECEIVABLE;NP nagodba PSN;;;
20170731;0;50538578553;6142.5;-16;RS;RECEIVABLE;SD faktura;;;
20170731;0;44892488481;369.9;-212;NP;PB_SETTLEMENT RECEIVABLE;NP nagodba PSN;;;
20170731;0;38111324050;1277;14;IN;RECEIVABLE;RN mobilneMreže;;;
20170731;0;10920513471;2009.77;166;IN;RECEIVABLE;RN mobilneMreže;;;
20170731;0;0;367.59;138;IN;RECEIVABLE;RN mobilneMreže;;;
20170731;0;73992042247;27.63;-107;NP;PB_SETTLEMENT RECEIVABLE;NP nagodba PSN;;;
20170731;0;30679140362;16.88;311;NP;PB_SETTLEMENT RECEIVABLE;NP nagodba PSN;;;
20170731;0;33823717550;97.9;5339;ZI;RECEIVABLE;MT Migr. račun;;;
20170731;0;38560801148;445.21;-107;NP;PB_SETTLEMENT RECEIVABLE;NP nagodba PSN;;;
20170731;0;29069447905;2.2;-488;NP;PB_SETTLEMENT RECEIVABLE;NP nagodba PSN;;;
20170731;0;N/A;4106.85;4638;ZI;RECEIVABLE;MT Migr. račun;;;
20170731;0;90981239217;2656.12;42945;PO;EMPLOYEE LOANS;Pozajmice zaposl.;;;
20170731;0;87294282310;39.39;-607;NP;PB_SETTLEMENT RECEIVABLE;NP nagodba PSN;;;
20170731;0;91550812004;69.98;472;NP;PB_SETTLEMENT RECEIVABLE;NP nagodba PSN;;;
20170731;0;91550812004;69.98;319;NP;PB_SETTLEMENT RECEIVABLE;NP nagodba PSN;;;
20170731;0;30679140362;16.88;250;NP;PB_SETTLEMENT RECEIVABLE;NP nagodba PSN;;;
20170731;0;29069447905;2.2;-609;NP;PB_SETTLEMENT RECEIVABLE;NP nagodba PSN;;;
20170731;0;32329167615;137.91;45;RK;RECEIVABLE;RN fiksne mreže;;;
20170731;0;31687596307;93.46;45;IN;RECEIVABLE;RN mobilneMreže;;;
20170731;0;97045333591;1809.28;730;NP;PB_SETTLEMENT RECEIVABLE;NP nagodba PSN;;;
20170731;0;38703958311;276.5;211;NP;PB_SETTLEMENT RECEIVABLE;NP nagodba PSN;;;
20170731;0;19465610592;72.38;-1035;NP;PB_SETTLEMENT RECEIVABLE;NP nagodba PSN;;;
20170731;0;50057894337;23.42;-684;NP;PB_SETTLEMENT RECEIVABLE;NP nagodba PSN;;;
20170731;0;91994259370;182.24;5157;ZI;RECEIVABLE;MT Migr. račun;;;
20170731;0;52221803938;244.39;577;NP;PB_SETTLEMENT RECEIVABLE;NP nagodba PSN;;;
20170731;0;44892488481;369.78;-1704;NP;PB_SETTLEMENT RECEIVABLE;NP nagodba PSN;;;
20170731;0;30316974544;44.8;868;IN;RECEIVABLE;RN mobilneMreže;;;
20170731;0;N/A;9586.6;5249;ZI;RECEIVABLE;MT Migr. račun;;;
20170731;0;11119953057;2449.38;1218;NP;PB_SETTLEMENT RECEIVABLE;NP nagodba PSN;;;
20170731;0;26276017521;1000.29;670;NP;PB_SETTLEMENT RECEIVABLE;NP nagodba PSN;;;
20170731;0;61185924593;529.06;104;RT;RECEIVABLE;RN fiks. i mob.mrež;;;
20170731;0;61185924593;2127.99;45;RT;RECEIVABLE;RN fiks. i mob.mrež;;;
20170731;0;4135550492;1328.06;42945;PO;EMPLOYEE LOANS;Pozajmice zaposl.;;;
20170731;0;17946346418;2629.77;42945;PO;EMPLOYEE LOANS;Pozajmice zaposl.;;;
20170731;0;36525110330;42.9;77;IN;RECEIVABLE;RN mobilneMreže;;;
20170731;0;96082590857;384.58;503;IN;RECEIVABLE;RN mobilneMreže;;;
20170731;0;30679140362;16.88;769;NP;PB_SETTLEMENT RECEIVABLE;NP nagodba PSN;;;
20170731;0;65245454011;498.66;636;NP;PB_SETTLEMENT RECEIVABLE;NP nagodba PSN;;;
20170731;0;99604304186;171.78;5218;ZI;RECEIVABLE;MT Migr. račun;;;
20170731;0;50057894337;23.42;-592;NP;PB_SETTLEMENT RECEIVABLE;NP nagodba PSN;;;
20170731;0;N/A;1377.61;4912;ZI;RECEIVABLE;MT Migr. račun;;;
20170731;0;99000869410;254;212;NP;PB_SETTLEMENT RECEIVABLE;NP nagodba PSN;;;
20170731;0;52221803938;244.39;396;NP;PB_SETTLEMENT RECEIVABLE;NP nagodba PSN;;;
20170731;0;5311074805;7585.42;73;IN;RECEIVABLE;RN mobilneMreže;;;
20170731;0;14895266944;60.55;-915;NP;PB_SETTLEMENT RECEIVABLE;NP nagodba PSN;;;
20170731;0;N/A;1910.7;4699;ZI;RECEIVABLE;MT Migr. račun;;;
20170731;0;32049294888;57.49;-837;NP;PB_SETTLEMENT RECEIVABLE;NP nagodba PSN;;;
20170731;0;38703958311;276.5;-213;NP;PB_SETTLEMENT RECEIVABLE;NP nagodba PSN;;;
20170731;0;50057894337;23.42;-76;NP;PB_SETTLEMENT RECEIVABLE;NP nagodba PSN;;;
20170731;0;33231272976;344.3;-1249;NP;PB_SETTLEMENT RECEIVABLE;NP nagodba PSN;;;
20170731;0;19541261677;2880;196;IN;RECEIVABLE;RN mobilneMreže;;;
20170731;0;50057894337;23.42;-472;NP;PB_SETTLEMENT RECEIVABLE;NP nagodba PSN;;;
20170731;0;27118340666;339.3;-608;NP;PB_SETTLEMENT RECEIVABLE;NP nagodba PSN;;;
20170731;0;27118340666;339.3;-669;NP;PB_SETTLEMENT RECEIVABLE;NP nagodba PSN;;;
20170731;0;27118340666;339.3;-914;NP;PB_SETTLEMENT RECEIVABLE;NP nagodba PSN;;;
20170731;0;49117750274;69.09;5277;ZI;RECEIVABLE;MT Migr. račun;;;
20170731;0;21877367762;25.65;166;IN;RECEIVABLE;RN mobilneMreže;;;
20170731;0;96600650496;840.64;42945;PO;EMPLOYEE LOANS;Pozajmice zaposl.;;;
20170731;0;50057894337;23.42;-168;NP;PB_SETTLEMENT RECEIVABLE;NP nagodba PSN;;;
20170731;0;52221803938;244.48;212;NP;PB_SETTLEMENT RECEIVABLE;NP nagodba PSN;;;
20170731;0;35545146576;27.24;-396;NP;PB_SETTLEMENT RECEIVABLE;NP nagodba PSN;;;
20170731;0;44892488481;369.9;-1369;NP;PB_SETTLEMENT RECEIVABLE;NP nagodba PSN;;;
20170731;0;48834818439;1744.87;42945;PO;EMPLOYEE LOANS;Pozajmice zaposl.;;;
20170731;0;39905350048;2578.87;42945;PO;EMPLOYEE LOANS;Pozajmice zaposl.;;;
20170731;0;96595074231;21.55;-85;NP;PB_SETTLEMENT RECEIVABLE;NP nagodba PSN;;;
20170731;0;17445825926;62.79;0;NP;PB_SETTLEMENT RECEIVABLE;NP nagodba PSN;;;
20170731;0;27900099243;386.95;-729;NP;PB_SETTLEMENT RECEIVABLE;NP nagodba PSN;;;
20170731;0;27118340666;339.3;-153;NP;PB_SETTLEMENT RECEIVABLE;NP nagodba PSN;;;
20170731;0;49481687548;1246.75;35;EN;RECEIVABLE;RN električnEnergije;;;
20170731;0;2009459786;309.8;166;IN;RECEIVABLE;RN mobilneMreže;;;
20170731;0;33231272976;344.3;-974;NP;PB_SETTLEMENT RECEIVABLE;NP nagodba PSN;;;
20170731;0;74650058083;2578.87;42945;PO;EMPLOYEE LOANS;Pozajmice zaposl.;;;
20170731;0;91550812004;69.98;350;NP;PB_SETTLEMENT RECEIVABLE;NP nagodba PSN;;;
20170731;0;91550812004;69.98;197;NP;PB_SETTLEMENT RECEIVABLE;NP nagodba PSN;;;
20170731;0;60875617908;5.9;77;NP;PB_SETTLEMENT RECEIVABLE;NP nagodba PSN;;;
20170731;0;17445825926;62.79;-974;NP;PB_SETTLEMENT RECEIVABLE;NP nagodba PSN;;;
20170731;0;17445825926;62.79;-122;NP;PB_SETTLEMENT RECEIVABLE;NP nagodba PSN;;;
20170731;0;88238873994;4.98;-1128;NP;PB_SETTLEMENT RECEIVABLE;NP nagodba PSN;;;
20170731;0;920983;91.5;4883;ZI;RECEIVABLE;MT Migr. račun;;;
20170731;0;N/A;3670.59;4851;ZI;RECEIVABLE;MT Migr. račun;;;
20170731;0;47079147269;35.39;348;NP;PB_SETTLEMENT RECEIVABLE;NP nagodba PSN;;;
20170731;0;19465610592;72.38;-852;NP;PB_SETTLEMENT RECEIVABLE;NP nagodba PSN;;;
20170731;0;62445713906;414.33;989;NP;PB_SETTLEMENT RECEIVABLE;NP nagodba PSN;;;
20170731;0;33231272976;344.3;-1280;NP;PB_SETTLEMENT RECEIVABLE;NP nagodba PSN;;;
20170731;0;85468970904;761.82;5096;ZI;RECEIVABLE;MT Migr. račun;;;
20170731;0;27118340666;339.3;-487;NP;PB_SETTLEMENT RECEIVABLE;NP nagodba PSN;;;
20170731;0;62445713906;414.33;1020;NP;PB_SETTLEMENT RECEIVABLE;NP nagodba PSN;;;
20170731;0;62445713906;414.33;838;NP;PB_SETTLEMENT RECEIVABLE;NP nagodba PSN;;;
20170731;0;648913121;228;45;IN;RECEIVABLE;RN mobilneMreže;;;
20170731;0;1637512875;5406;138;IN;RECEIVABLE;RN mobilneMreže;;;
20170731;0;70675013613;270;756;NP;PB_SETTLEMENT RECEIVABLE;NP nagodba PSN;;;
20170731;0;17445825926;62.79;-243;NP;PB_SETTLEMENT RECEIVABLE;NP nagodba PSN;;;
20170731;0;88238873994;4.98;-975;NP;PB_SETTLEMENT RECEIVABLE;NP nagodba PSN;;;
20170731;0;27900099243;386.95;-638;NP;PB_SETTLEMENT RECEIVABLE;NP nagodba PSN;;;
20170731;0;27900099243;386.95;-364;NP;PB_SETTLEMENT RECEIVABLE;NP nagodba PSN;;;
20170731;0;10343845737;414.33;5187;ZI;RECEIVABLE;MT Migr. račun;;;
20170731;0;371785;304.35;5400;ZI;RECEIVABLE;MT Migr. račun;;;
20170731;0;96877946011;2324.55;5249;ZI;RECEIVABLE;MT Migr. račun;;;
20170731;0;52221803938;244.39;519;NP;PB_SETTLEMENT RECEIVABLE;NP nagodba PSN;;;
20170731;0;98401514504;343.97;-18;IN;RECEIVABLE;RN mobilneMreže;;;
20170731;0;44892488481;369.9;-184;NP;PB_SETTLEMENT RECEIVABLE;NP nagodba PSN;;;
20170731;0;99999999999;216.43;1049;RK;RECEIVABLE;RN fiksne mreže;;;
20170731;0;87294282310;39.39;31;NP;PB_SETTLEMENT RECEIVABLE;NP nagodba PSN;;;
20170731;0;54372830478;1328.06;42945;PO;EMPLOYEE LOANS;Pozajmice zaposl.;;;
20170731;0;49477170071;3243.13;-153;NP;PB_SETTLEMENT RECEIVABLE;NP nagodba PSN;;;
20170731;0;4833395560;53.12;416;NP;PB_SETTLEMENT RECEIVABLE;NP nagodba PSN;;;
20170731;0;21555902131;4051.63;-343;NP;PB_SETTLEMENT RECEIVABLE;NP nagodba PSN;;;
20170731;0;12557898334;1528.73;640;NP;PB_SETTLEMENT RECEIVABLE;NP nagodba PSN;;;
20170731;0;38703958311;276.5;-154;NP;PB_SETTLEMENT RECEIVABLE;NP nagodba PSN;;;
20170731;0;33231272976;344.3;-1583;NP;PB_SETTLEMENT RECEIVABLE;NP nagodba PSN;;;
20170731;0;23905289199;1328.06;42945;PO;EMPLOYEE LOANS;Pozajmice zaposl.;;;
20170731;0;31234530250;7.52;5277;ZI;RECEIVABLE;MT Migr. račun;;;
20170731;0;38703958311;276.5;242;NP;PB_SETTLEMENT RECEIVABLE;NP nagodba PSN;;;
20170731;0;47079147269;35.39;501;NP;PB_SETTLEMENT RECEIVABLE;NP nagodba PSN;;;
20170731;0;19465610592;72.38;-1218;NP;PB_SETTLEMENT RECEIVABLE;NP nagodba PSN;;;
20170731;0;44892488481;369.9;-1157;NP;PB_SETTLEMENT RECEIVABLE;NP nagodba PSN;;;
20170731;0;87294282310;39.39;-183;NP;PB_SETTLEMENT RECEIVABLE;NP nagodba PSN;;;
20170731;0;72416590508;102.64;1049;RK;RECEIVABLE;RN fiksne mreže;;;
20170731;0;29858105955;336.64;1928;IC;COURT DOCUMENT;Kamata sud.;;;
20170731;0;17445825926;62.79;-852;NP;PB_SETTLEMENT RECEIVABLE;NP nagodba PSN;;;
20170731;0;63362020869;687.88;104;IN;RECEIVABLE;RN mobilneMreže;;;
20170731;0;59992797221;23.78;578;NP;PB_SETTLEMENT RECEIVABLE;NP nagodba PSN;;;
20170731;0;50057894337;23.42;-288;NP;PB_SETTLEMENT RECEIVABLE;NP nagodba PSN;;;
20170731;0;52221803938;244.39;942;NP;PB_SETTLEMENT RECEIVABLE;NP nagodba PSN;;;
20170731;0;52221803938;244.39;578;NP;PB_SETTLEMENT RECEIVABLE;NP nagodba PSN;;;
20170731;0;52221803938;244.39;426;NP;PB_SETTLEMENT RECEIVABLE;NP nagodba PSN;;;
20170731;0;76379083365;278;196;IN;RECEIVABLE;RN mobilneMreže;;;
20170731;0;3181538785;45833.18;228;IN;RECEIVABLE;RN mobilneMreže;;;
20170731;0;71496304784;131.62;-32;NP;PB_SETTLEMENT RECEIVABLE;NP nagodba PSN;;;
20170731;0;88238873994;4.98;-1005;NP;PB_SETTLEMENT RECEIVABLE;NP nagodba PSN;;;
20170731;0;88238873994;4.98;-1554;NP;PB_SETTLEMENT RECEIVABLE;NP nagodba PSN;;;
20170731;0;27900099243;386.95;-577;NP;PB_SETTLEMENT RECEIVABLE;NP nagodba PSN;;;
20170731;0;50057894337;23.42;-319;NP;PB_SETTLEMENT RECEIVABLE;NP nagodba PSN;;;
20170731;0;27118340666;339.3;-791;NP;PB_SETTLEMENT RECEIVABLE;NP nagodba PSN;;;
20170731;0;12247214877;137.36;5339;ZI;RECEIVABLE;MT Migr. račun;;;
20170731;0;44892488481;369.9;-518;NP;PB_SETTLEMENT RECEIVABLE;NP nagodba PSN;;;
20170731;0;33231272976;344.3;-608;NP;PB_SETTLEMENT RECEIVABLE;NP nagodba PSN;;;
20170731;0;3728789037;1719.25;42945;PO;EMPLOYEE LOANS;Pozajmice zaposl.;;;
20170731;0;37320487407;4.01;1076;IN;RECEIVABLE;RN mobilneMreže;;;
20170731;0;29716435246;43.17;-699;NP;PB_SETTLEMENT RECEIVABLE;NP nagodba PSN;;;
20170731;0;71496304784;131.62;-93;NP;PB_SETTLEMENT RECEIVABLE;NP nagodba PSN;;;
20170731;0;89929385019;165.16;138;RK;RECEIVABLE;RN fiksne mreže;;;
20170731;0;60875617908;5.9;-107;NP;PB_SETTLEMENT RECEIVABLE;NP nagodba PSN;;;
20170731;0;94727001556;302.4;-76;NP;PB_SETTLEMENT RECEIVABLE;NP nagodba PSN;;;
20170731;0;70795075912;285.41;104;RK;RECEIVABLE;RN fiksne mreže;;;
20170731;0;57848781160;3.47;-305;NP;PB_SETTLEMENT RECEIVABLE;NP nagodba PSN;;;
20170731;0;53799210990;25.65;1065;NP;PB_SETTLEMENT RECEIVABLE;NP nagodba PSN;;;
20170731;0;46358892368;20.91;-3226;NP;PB_SETTLEMENT RECEIVABLE;NP nagodba PSN;;;
20170731;0;31358684959;205.42;-1080;NP;PB_SETTLEMENT RECEIVABLE;NP nagodba PSN;;;
20170731;0;11383869911;1.66;-248;NP;PB_SETTLEMENT RECEIVABLE;NP nagodba PSN;;;
20170731;0;26868790868;151.58;104;RK;RECEIVABLE;RN fiksne mreže;;;
20170731;0;93887154381;15.31;-898;NP;PB_SETTLEMENT RECEIVABLE;NP nagodba PSN;;;
20170731;0;5148009862;274.94;228;RK;RECEIVABLE;RN fiksne mreže;;;
20170731;0;6397784624;3.35;-2862;NP;PB_SETTLEMENT RECEIVABLE;NP nagodba PSN;;;
20170731;0;85628194732;85.18;499;NP;PB_SETTLEMENT RECEIVABLE;NP nagodba PSN;;;
20170731;0;23471391745;731.5;104;IN;RECEIVABLE;RN mobilneMreže;;;
20170731;0;99604304186;526.8;5249;ZI;RECEIVABLE;MT Migr. račun;;;
20170731;0;30216573748;1088.94;77;IN;RECEIVABLE;RN mobilneMreže;;;
20170731;0;83091995607;740.14;14;RK;RECEIVABLE;RN fiksne mreže;;;
20170731;0;6397784624;3.35;-1615;NP;PB_SETTLEMENT RECEIVABLE;NP nagodba PSN;;;
20170731;0;83600046654;5.91;-745;NP;PB_SETTLEMENT RECEIVABLE;NP nagodba PSN;;;
20170731;0;2998858228;1106.72;42945;PO;EMPLOYEE LOANS;Pozajmice zaposl.;;;
20170731;0;11550681650;527.63;77;IN;RECEIVABLE;RN mobilneMreže;;;
20170731;0;77345509340;16.12;1015;IN;RECEIVABLE;RN mobilneMreže;;;
20170731;0;3717593;248.81;4883;ZI;RECEIVABLE;MT Migr. račun;;;
20170731;0;72322080818;330;196;RK;RECEIVABLE;RN fiksne mreže;;;
20170731;0;46358892368;20.91;-1765;NP;PB_SETTLEMENT RECEIVABLE;NP nagodba PSN;;;
20170731;0;6397784624;3.35;-1554;NP;PB_SETTLEMENT RECEIVABLE;NP nagodba PSN;;;
20170731;0;11383869911;1.66;-582;NP;PB_SETTLEMENT RECEIVABLE;NP nagodba PSN;;;
20170731;0;17123511480;302.5;702;NP;PB_SETTLEMENT RECEIVABLE;NP nagodba PSN;;;
20170731;0;82611953765;337.44;-18;RK;RECEIVABLE;RN fiksne mreže;;;
20170731;0;17525763123;400.69;716;NP;PB_SETTLEMENT RECEIVABLE;NP nagodba PSN;;;
20170731;0;61249225887;323.63;225;NP;PB_SETTLEMENT RECEIVABLE;NP nagodba PSN;;;
20170731;0;52594227481;370.18;801;NP;PB_SETTLEMENT RECEIVABLE;NP nagodba PSN;;;
20170731;0;61271618701;49.88;166;RK;RECEIVABLE;RN fiksne mreže;;;
20170731;0;84018055963;13.09;-185;NP;PB_SETTLEMENT RECEIVABLE;NP nagodba PSN;;;
20170731;0;82611953765;235.67;14;RK;RECEIVABLE;RN fiksne mreže;;;
20170731;0;89992658025;30.85;-51;NP;PB_SETTLEMENT RECEIVABLE;NP nagodba PSN;;;
20170731;0;14262050269;0.04;-18;RK;RECEIVABLE;RN fiksne mreže;;;
20170731;0;54040058240;31.55;-1476;NP;PB_SETTLEMENT RECEIVABLE;NP nagodba PSN;;;
20170731;0;70675013613;270;725;NP;PB_SETTLEMENT RECEIVABLE;NP nagodba PSN;;;
20170731;0;79688030496;649.71;5400;ZI;RECEIVABLE;MT Migr. račun;;;
20170731;0;61249225887;323.63;774;NP;PB_SETTLEMENT RECEIVABLE;NP nagodba PSN;;;
20170731;0;17525763123;400.69;1385;NP;PB_SETTLEMENT RECEIVABLE;NP nagodba PSN;;;
20170731;0;57848781160;3.47;-427;NP;PB_SETTLEMENT RECEIVABLE;NP nagodba PSN;;;
20170731;0;28628289738;609.99;5308;ZI;RECEIVABLE;MT Migr. račun;;;
20170731;0;35152477169;587;77;RK;RECEIVABLE;RN fiksne mreže;;;
20170731;0;99554352462;88.15;-564;NP;PB_SETTLEMENT RECEIVABLE;NP nagodba PSN;;;
20170731;0;43806713701;249;258;IN;RECEIVABLE;RN mobilneMreže;;;
20170731;0;83600046654;5.91;46;NP;PB_SETTLEMENT RECEIVABLE;NP nagodba PSN;;;
20170731;0;37907056520;247.74;5065;ZI;RECEIVABLE;MT Migr. račun;;;
20170731;0;43035002095;26.71;-712;NP;PB_SETTLEMENT RECEIVABLE;NP nagodba PSN;;;
20170731;0;94137811973;113.38;138;RK;RECEIVABLE;RN fiksne mreže;;;
20170731;0;1143205424;165.48;45;RK;RECEIVABLE;RN fiksne mreže;;;
20170731;0;43035002095;26.71;505;NP;PB_SETTLEMENT RECEIVABLE;NP nagodba PSN;;;
20170731;0;53799210990;25.65;518;NP;PB_SETTLEMENT RECEIVABLE;NP nagodba PSN;;;
20170731;0;89992658025;30.85;-963;NP;PB_SETTLEMENT RECEIVABLE;NP nagodba PSN;;;
20170731;0;44597939417;261.25;196;RK;RECEIVABLE;RN fiksne mreže;;;
20170731;0;3160259756;185;104;IN;RECEIVABLE;RN mobilneMreže;;;
20170731;0;3717593;122.3;4851;ZI;RECEIVABLE;MT Migr. račun;;;
20170731;0;61882590886;846.94;42945;PO;EMPLOYEE LOANS;Pozajmice zaposl.;;;
20170731;0;53756511856;20;410;RK;RECEIVABLE;RN fiksne mreže;;;
20170731;0;29716435246;43.17;-883;NP;PB_SETTLEMENT RECEIVABLE;NP nagodba PSN;;;
20170731;0;5767267868;174.73;258;RK;RECEIVABLE;RN fiksne mreže;;;
20170731;0;31358684959;205.42;-1142;NP;PB_SETTLEMENT RECEIVABLE;NP nagodba PSN;;;
20170731;0;25703648458;728.53;258;NP;PB_SETTLEMENT RECEIVABLE;NP nagodba PSN;;;
20170731;0;6397784624;3.35;-853;NP;PB_SETTLEMENT RECEIVABLE;NP nagodba PSN;;;
20170731;0;72044131012;70.43;-91;NP;PB_SETTLEMENT RECEIVABLE;NP nagodba PSN;;;
20170731;0;86369892427;361.56;212;NP;PB_SETTLEMENT RECEIVABLE;NP nagodba PSN;;;
20170731;0;86559563552;168.03;1140;RK;RECEIVABLE;RN fiksne mreže;;;
20170731;0;31358684959;205.42;-411;NP;PB_SETTLEMENT RECEIVABLE;NP nagodba PSN;;;
20170731;0;57848781160;3.47;-366;NP;PB_SETTLEMENT RECEIVABLE;NP nagodba PSN;;;
20170731;0;6397784624;3.35;-550;NP;PB_SETTLEMENT RECEIVABLE;NP nagodba PSN;;;
20170731;0;40983427596;12.2;228;IN;RECEIVABLE;RN mobilneMreže;;;
20170731;0;45441637040;37.64;2352;RK;RECEIVABLE;RN fiksne mreže;;;
20170731;0;79528606906;500;273;NP;PB_SETTLEMENT RECEIVABLE;NP nagodba PSN;;;
20170731;0;96595074231;21.55;-1028;NP;PB_SETTLEMENT RECEIVABLE;NP nagodba PSN;;;
20170731;0;92251329786;386.59;14;RK;RECEIVABLE;RN fiksne mreže;;;
20170731;0;15908317698;59;258;IN;RECEIVABLE;RN mobilneMreže;;;
20170731;0;52594227481;361.46;1196;NP;PB_SETTLEMENT RECEIVABLE;NP nagodba PSN;;;
20170731;0;11383869911;1.66;-370;NP;PB_SETTLEMENT RECEIVABLE;NP nagodba PSN;;;
20170731;0;29716435246;43.17;-1188;NP;PB_SETTLEMENT RECEIVABLE;NP nagodba PSN;;;
20170731;0;85126697860;310.39;-699;NP;PB_SETTLEMENT RECEIVABLE;NP nagodba PSN;;;
20170731;0;63264527723;362;699;NP;PB_SETTLEMENT RECEIVABLE;NP nagodba PSN;;;
20170731;0;45018521272;26.84;-61;NP;PB_SETTLEMENT RECEIVABLE;NP nagodba PSN;;;
20170731;0;64133185000;135.54;196;RK;RECEIVABLE;RN fiksne mreže;;;
20170731;0;57848781160;3.47;-123;NP;PB_SETTLEMENT RECEIVABLE;NP nagodba PSN;;;
20170731;0;96171346845;14.22;-258;NP;PB_SETTLEMENT RECEIVABLE;NP nagodba PSN;;;
20170731;0;3165894182;19.28;304;NP;PB_SETTLEMENT RECEIVABLE;NP nagodba PSN;;;
20170731;0;63362020869;1316.91;-21;RK;RECEIVABLE;RN fiksne mreže;;;
20170731;0;67997319587;32.57;-288;NP;PB_SETTLEMENT RECEIVABLE;NP nagodba PSN;;;
20170731;0;72044131012;70.38;-61;NP;PB_SETTLEMENT RECEIVABLE;NP nagodba PSN;;;
20170731;0;75668411379;1780.7;928;IN;RECEIVABLE;RN mobilneMreže;;;
20170731;0;12673653717;290;-159;NP;PB_SETTLEMENT RECEIVABLE;NP nagodba PSN;;;
20170731;0;29716435246;43.17;-549;NP;PB_SETTLEMENT RECEIVABLE;NP nagodba PSN;;;
20170731;0;45531850867;159;287;IN;RECEIVABLE;RN mobilneMreže;;;
20170731;0;6071285485;134.3;-107;NP;PB_SETTLEMENT RECEIVABLE;NP nagodba PSN;;;
20170731;0;57848781160;3.47;-274;NP;PB_SETTLEMENT RECEIVABLE;NP nagodba PSN;;;
20170731;0;72252041403;1932.5;228;RK;RECEIVABLE;RN fiksne mreže;;;
20170731;0;63264527723;362;852;NP;PB_SETTLEMENT RECEIVABLE;NP nagodba PSN;;;
20170731;0;63800408043;85.44;42;NP;PB_SETTLEMENT RECEIVABLE;NP nagodba PSN;;;
20170731;0;26972732114;400.43;5277;ZI;RECEIVABLE;MT Migr. račun;;;
20170731;0;56158271566;5.93;-852;NP;PB_SETTLEMENT RECEIVABLE;NP nagodba PSN;;;
20170731;0;32502365406;181.13;14;RK;RECEIVABLE;RN fiksne mreže;;;
20170731;0;6026038825;312.33;964;CF;COURT DOCUMENT;Sudski trošak;;;
20170731;0;56158271566;5.93;-396;NP;PB_SETTLEMENT RECEIVABLE;NP nagodba PSN;;;
20170731;0;85126697860;310.39;-669;NP;PB_SETTLEMENT RECEIVABLE;NP nagodba PSN;;;
20170731;0;43035002095;26.71;565;NP;PB_SETTLEMENT RECEIVABLE;NP nagodba PSN;;;
20170731;0;81408627809;56.18;-416;NP;PB_SETTLEMENT RECEIVABLE;NP nagodba PSN;;;
20170731;0;32049294888;57.49;-1080;NP;PB_SETTLEMENT RECEIVABLE;NP nagodba PSN;;;
20170731;0;71496304784;131.62;121;NP;PB_SETTLEMENT RECEIVABLE;NP nagodba PSN;;;
20170731;0;40513412130;547.08;884;NP;PB_SETTLEMENT RECEIVABLE;NP nagodba PSN;;;
20170731;0;14054839312;75;472;RK;RECEIVABLE;RN fiksne mreže;;;
20170731;0;6397784624;3.35;-792;NP;PB_SETTLEMENT RECEIVABLE;NP nagodba PSN;;;
20170731;0;6397784624;3.35;-2161;NP;PB_SETTLEMENT RECEIVABLE;NP nagodba PSN;;;
20170731;0;60875617908;5.9;411;NP;PB_SETTLEMENT RECEIVABLE;NP nagodba PSN;;;
20170731;0;95019406246;33.37;-335;NP;PB_SETTLEMENT RECEIVABLE;NP nagodba PSN;;;
20170731;0;68618383971;27.44;212;NP;PB_SETTLEMENT RECEIVABLE;NP nagodba PSN;;;
20170731;0;81308549563;1328.06;42945;PO;EMPLOYEE LOANS;Pozajmice zaposl.;;;
20170731;0;25143998398;993.24;-1097;NP;PB_SETTLEMENT RECEIVABLE;NP nagodba PSN;;;
20170731;0;69915113574;207.71;633;CF;COURT DOCUMENT;Sudski trošak;;;
20170731;0;67997319587;32.57;-441;NP;PB_SETTLEMENT RECEIVABLE;NP nagodba PSN;;;
20170731;0;96171346845;14.22;-806;NP;PB_SETTLEMENT RECEIVABLE;NP nagodba PSN;;;
20170731;0;45018521272;26.84;92;NP;PB_SETTLEMENT RECEIVABLE;NP nagodba PSN;;;
20170731;0;6397784624;3.35;-2466;NP;PB_SETTLEMENT RECEIVABLE;NP nagodba PSN;;;
20170731;0;6071285485;134.3;289;NP;PB_SETTLEMENT RECEIVABLE;NP nagodba PSN;;;
20170731;0;46358892368;20.91;-2404;NP;PB_SETTLEMENT RECEIVABLE;NP nagodba PSN;;;
20170731;0;56158271566;5.93;-822;NP;PB_SETTLEMENT RECEIVABLE;NP nagodba PSN;;;
20170731;0;96433533545;9.72;-349;NP;PB_SETTLEMENT RECEIVABLE;NP nagodba PSN;;;
20170731;0;46761748579;500;45;IN;RECEIVABLE;RN mobilneMreže;;;
20170731;0;96595074231;21.55;-846;NP;PB_SETTLEMENT RECEIVABLE;NP nagodba PSN;;;
20170731;0;54040058240;31.55;-227;NP;PB_SETTLEMENT RECEIVABLE;NP nagodba PSN;;;
20170731;0;86275986234;40.79;-456;NP;PB_SETTLEMENT RECEIVABLE;NP nagodba PSN;;;
20170731;0;85466149916;489.21;5004;ZI;RECEIVABLE;MT Migr. račun;;;
20170731;0;83970292124;515.63;-21;RK;RECEIVABLE;RN fiksne mreže;;;
20170731;0;22371152997;31.7;-134;NP;PB_SETTLEMENT RECEIVABLE;NP nagodba PSN;;;
20170731;0;91302390817;227.55;-46;NP;PB_SETTLEMENT RECEIVABLE;NP nagodba PSN;;;
20170731;0;92566034883;1893.7;77;IN;RECEIVABLE;RN mobilneMreže;;;
20170731;0;70236374577;1190;45;IN;RECEIVABLE;RN mobilneMreže;;;
20170731;0;77641360426;0.07;-1086;NP;PB_SETTLEMENT RECEIVABLE;NP nagodba PSN;;;
20170731;0;90693044677;60.51;-533;NP;PB_SETTLEMENT RECEIVABLE;NP nagodba PSN;;;
20170731;0;99554352462;88.15;-411;NP;PB_SETTLEMENT RECEIVABLE;NP nagodba PSN;;;
20170731;0;95643582099;1289.44;42945;PO;EMPLOYEE LOANS;Pozajmice zaposl.;;;
20170731;0;23162882817;295;165;RK;RECEIVABLE;RN fiksne mreže;;;
20170731;0;1587044321;257.68;762;NP;PB_SETTLEMENT RECEIVABLE;NP nagodba PSN;;;
20170731;0;14771401710;33.29;77;IN;RECEIVABLE;RN mobilneMreže;;;
20170731;0;89992658025;30.85;-1085;NP;PB_SETTLEMENT RECEIVABLE;NP nagodba PSN;;;
20170731;0;2250539368;304;138;RK;RECEIVABLE;RN fiksne mreže;;;
20170731;0;29384653595;26.71;166;IN;RECEIVABLE;RN mobilneMreže;;;
20170731;0;65587752565;154.81;5249;ZI;RECEIVABLE;MT Migr. račun;;;
20170731;0;19832391108;279.48;104;RK;RECEIVABLE;RN fiksne mreže;;;
20170731;0;1125608804;1358.06;196;RK;RECEIVABLE;RN fiksne mreže;;;
20170731;0;55677162515;20;166;IN;RECEIVABLE;RN mobilneMreže;;;
20170731;0;79016855271;3990;319;IN;RECEIVABLE;RN mobilneMreže;;;
20170731;0;10685603761;165;378;RK;RECEIVABLE;RN fiksne mreže;;;
20170731;0;67357835190;2545.82;98;EN;RECEIVABLE;RN električnEnergije;;;
20170731;0;97191032374;80.59;-138;NP;PB_SETTLEMENT RECEIVABLE;NP nagodba PSN;;;
20170731;0;29102812869;550.65;77;IN;RECEIVABLE;RN mobilneMreže;;;
20170731;0;99554352462;88.15;808;NP;PB_SETTLEMENT RECEIVABLE;NP nagodba PSN;;;
20170731;0;54040058240;31.55;-1203;NP;PB_SETTLEMENT RECEIVABLE;NP nagodba PSN;;;
20170731;0;60114446128;4.68;-487;NP;PB_SETTLEMENT RECEIVABLE;NP nagodba PSN;;;
20170731;0;58289547282;12.09;45;IN;RECEIVABLE;RN mobilneMreže;;;
20170731;0;44097295840;3164.85;-123;NP;PB_SETTLEMENT RECEIVABLE;NP nagodba PSN;;;
20170731;0;8702980954;236.25;166;RK;RECEIVABLE;RN fiksne mreže;;;
20170731;0;81566743712;49.36;153;EN;RECEIVABLE;RN električnEnergije;;;
20170731;0;36739757390;9.37;-989;NP;PB_SETTLEMENT RECEIVABLE;NP nagodba PSN;;;
20170731;0;54040058240;31.55;-1749;NP;PB_SETTLEMENT RECEIVABLE;NP nagodba PSN;;;
20170731;0;11383869911;1.66;-613;NP;PB_SETTLEMENT RECEIVABLE;NP nagodba PSN;;;
20170731;0;54040058240;31.55;-1688;NP;PB_SETTLEMENT RECEIVABLE;NP nagodba PSN;;;
20170731;0;30878052916;2258;-18;IN;RECEIVABLE;RN mobilneMreže;;;
20170731;0;83600046654;5.91;-46;NP;PB_SETTLEMENT RECEIVABLE;NP nagodba PSN;;;
20170731;0;50861643606;16.02;-1431;NP;PB_SETTLEMENT RECEIVABLE;NP nagodba PSN;;;
20170731;0;7165517362;3957.31;-1158;NP;PB_SETTLEMENT RECEIVABLE;NP nagodba PSN;;;
20170731;0;70569468987;1744.87;42945;PO;EMPLOYEE LOANS;Pozajmice zaposl.;;;
20170731;0;73898205875;12.2;14;IN;RECEIVABLE;RN mobilneMreže;;;
20170731;0;26394144643;59.74;-592;NP;PB_SETTLEMENT RECEIVABLE;NP nagodba PSN;;;
20170731;0;8866700540;23.18;-1522;NP;PB_SETTLEMENT RECEIVABLE;NP nagodba PSN;;;
20170731;0;8866700540;23.18;-638;NP;PB_SETTLEMENT RECEIVABLE;NP nagodba PSN;;;
20170731;0;85628194732;85.19;254;NP;PB_SETTLEMENT RECEIVABLE;NP nagodba PSN;;;
20170731;0;66669691065;364.13;5400;ZI;RECEIVABLE;MT Migr. račun;;;
20170731;0;72044131012;70.38;944;NP;PB_SETTLEMENT RECEIVABLE;NP nagodba PSN;;;
20170731;0;72044131012;70.38;609;NP;PB_SETTLEMENT RECEIVABLE;NP nagodba PSN;;;
20170731;0;3165894182;19.28;-31;NP;PB_SETTLEMENT RECEIVABLE;NP nagodba PSN;;;
20170731;0;71122221336;149;14;IN;RECEIVABLE;RN mobilneMreže;;;
20170731;0;14054839312;75;503;RK;RECEIVABLE;RN fiksne mreže;;;
20170731;0;50282465922;18.79;-684;NP;PB_SETTLEMENT RECEIVABLE;NP nagodba PSN;;;
20170731;0;68201030279;1497.54;-21;IN;RECEIVABLE;RN mobilneMreže;;;
20170731;0;8866700540;23.18;-1218;NP;PB_SETTLEMENT RECEIVABLE;NP nagodba PSN;;;
20170731;0;17525763123;400.69;197;NP;PB_SETTLEMENT RECEIVABLE;NP nagodba PSN;;;
20170731;0;60596268210;149;166;IN;RECEIVABLE;RN mobilneMreže;;;
20170731;0;71496304784;131.62;91;NP;PB_SETTLEMENT RECEIVABLE;NP nagodba PSN;;;
20170731;0;22371152997;31.7;-196;NP;PB_SETTLEMENT RECEIVABLE;NP nagodba PSN;;;
20170731;0;22371152997;31.7;-377;NP;PB_SETTLEMENT RECEIVABLE;NP nagodba PSN;;;
20170731;0;90663185167;202.13;192;NP;PB_SETTLEMENT RECEIVABLE;NP nagodba PSN;;;
20170731;0;3165894182;19.28;-122;NP;PB_SETTLEMENT RECEIVABLE;NP nagodba PSN;;;
20170731;0;972755412;846.94;42945;PO;EMPLOYEE LOANS;Pozajmice zaposl.;;;
20170731;0;29102812869;520.29;45;IN;RECEIVABLE;RN mobilneMreže;;;
20170731;0;34910061320;9.64;165;RK;RECEIVABLE;RN fiksne mreže;;;
20170731;0;69505291148;1756.06;165;RK;RECEIVABLE;RN fiksne mreže;;;
20170731;0;33942484266;719.87;-1431;NP;PB_SETTLEMENT RECEIVABLE;NP nagodba PSN;;;
20170731;0;92074304657;109.21;342;NP;PB_SETTLEMENT RECEIVABLE;NP nagodba PSN;;;
20170731;0;1136300109;50.47;5339;ZI;RECEIVABLE;MT Migr. račun;;;
20170731;0;94464362287;191.51;45;RK;RECEIVABLE;RN fiksne mreže;;;
20170731;0;92074304657;109.21;8;NP;PB_SETTLEMENT RECEIVABLE;NP nagodba PSN;;;
20170731;0;29716435246;43.17;-791;NP;PB_SETTLEMENT RECEIVABLE;NP nagodba PSN;;;
20170731;0;92074304657;109.21;189;NP;PB_SETTLEMENT RECEIVABLE;NP nagodba PSN;;;
20170731;0;81408627809;56.18;-232;NP;PB_SETTLEMENT RECEIVABLE;NP nagodba PSN;;;
20170731;0;32049294888;57.49;-1111;NP;PB_SETTLEMENT RECEIVABLE;NP nagodba PSN;;;
20170731;0;11481311202;234.85;258;RK;RECEIVABLE;RN fiksne mreže;;;
20170731;0;74794390096;53637.37;161;RK;RECEIVABLE;RN fiksne mreže;;;
20170731;0;94339444795;1106.72;42945;PO;EMPLOYEE LOANS;Pozajmice zaposl.;;;
20170731;0;90693044677;60.51;-1050;NP;PB_SETTLEMENT RECEIVABLE;NP nagodba PSN;;;
20170731;0;40513412130;547.08;61;NP;PB_SETTLEMENT RECEIVABLE;NP nagodba PSN;;;
20170731;0;46358892368;20.91;-2649;NP;PB_SETTLEMENT RECEIVABLE;NP nagodba PSN;;;
20170731;0;47440301609;78.42;-518;NP;PB_SETTLEMENT RECEIVABLE;NP nagodba PSN;;;
20170731;0;90693044677;60.51;-1323;NP;PB_SETTLEMENT RECEIVABLE;NP nagodba PSN;;;
20170731;0;5857146605;269.18;196;RK;RECEIVABLE;RN fiksne mreže;;;
20170731;0;92135588208;372.82;1502;IN;RECEIVABLE;RN mobilneMreže;;;
20170731;0;85628194732;85.18;893;NP;PB_SETTLEMENT RECEIVABLE;NP nagodba PSN;;;
20170731;0;91024269380;398;166;IN;RECEIVABLE;RN mobilneMreže;;;
20170731;0;26394144643;59.74;-929;NP;PB_SETTLEMENT RECEIVABLE;NP nagodba PSN;;;
20170731;0;33836915512;1106.72;42945;PO;EMPLOYEE LOANS;Pozajmice zaposl.;;;
20170731;0;85628194732;85.18;620;NP;PB_SETTLEMENT RECEIVABLE;NP nagodba PSN;;;
20170731;0;55642460410;494.02;68;EN;RECEIVABLE;RN električnEnergije;;;
20170731;0;63800408043;85.44;468;NP;PB_SETTLEMENT RECEIVABLE;NP nagodba PSN;;;
20170731;0;92074304657;109.21;586;NP;PB_SETTLEMENT RECEIVABLE;NP nagodba PSN;;;
20170731;0;22595041416;172.13;45;RK;RECEIVABLE;RN fiksne mreže;;;
20170731;0;27237649746;209;45;IN;RECEIVABLE;RN mobilneMreže;;;
20170731;0;63264527723;362;883;NP;PB_SETTLEMENT RECEIVABLE;NP nagodba PSN;;;
20170731;0;76368192861;148.56;503;RK;RECEIVABLE;RN fiksne mreže;;;
20170731;0;94727001556;302.4;-258;NP;PB_SETTLEMENT RECEIVABLE;NP nagodba PSN;;;
20170731;0;15835217577;289.77;68;EN;RECEIVABLE;RN električnEnergije;;;
20170731;0;66428052209;1328.06;42945;PO;EMPLOYEE LOANS;Pozajmice zaposl.;;;
20170731;0;15090696164;2275.37;42945;PO;EMPLOYEE LOANS;Pozajmice zaposl.;;;
20170731;0;60875617908;5.9;289;NP;PB_SETTLEMENT RECEIVABLE;NP nagodba PSN;;;
20170731;0;92074304657;109.21;38;NP;PB_SETTLEMENT RECEIVABLE;NP nagodba PSN;;;
20170731;0;76219468569;80.94;-18;RK;RECEIVABLE;RN fiksne mreže;;;
20170731;0;92074304657;109.21;250;NP;PB_SETTLEMENT RECEIVABLE;NP nagodba PSN;;;
20170731;0;9268072470;824.17;-1105;NP;PB_SETTLEMENT RECEIVABLE;NP nagodba PSN;;;
20170731;0;64703662970;102.26;-1339;NP;PB_SETTLEMENT RECEIVABLE;NP nagodba PSN;;;
20170731;0;88035481495;733.31;104;RK;RECEIVABLE;RN fiksne mreže;;;
20170731;0;63867682286;1131.16;258;RK;RECEIVABLE;RN fiksne mreže;;;
20170731;0;89992658025;30.85;161;NP;PB_SETTLEMENT RECEIVABLE;NP nagodba PSN;;;
20170731;0;89992658025;30.85;-628;NP;PB_SETTLEMENT RECEIVABLE;NP nagodba PSN;;;
20170731;0;21765861856;32.61;-426;NP;PB_SETTLEMENT RECEIVABLE;NP nagodba PSN;;;
20170731;0;69349378300;63;176;NP;PB_SETTLEMENT RECEIVABLE;NP nagodba PSN;;;
20170731;0;4148317618;239;258;RK;RECEIVABLE;RN fiksne mreže;;;
20170731;0;71496304784;131.62;-366;NP;PB_SETTLEMENT RECEIVABLE;NP nagodba PSN;;;
20170731;0;53787789046;25.4;-1308;NP;PB_SETTLEMENT RECEIVABLE;NP nagodba PSN;;;
20170731;0;60129907566;254.17;5187;ZI;RECEIVABLE;MT Migr. račun;;;
20170731;0;63969870640;50.38;138;RK;RECEIVABLE;RN fiksne mreže;;;
20170731;0;50282465922;18.79;-776;NP;PB_SETTLEMENT RECEIVABLE;NP nagodba PSN;;;
20170731;0;15452720740;328.11;1505;IN;RECEIVABLE;RN mobilneMreže;;;
20170731;0;60114446128;47.95;-638;NP;PB_SETTLEMENT RECEIVABLE;NP nagodba PSN;;;
20170731;0;95938204604;448.95;-1432;NP;PB_SETTLEMENT RECEIVABLE;NP nagodba PSN;;;
20170731;0;31886664042;51.9;1894;CF;COURT DOCUMENT;Sudski trošak;;;
20170731;0;79661155227;332.75;5339;ZI;RECEIVABLE;MT Migr. račun;;;
20170731;0;43360786664;297.96;-15;NP;PB_SETTLEMENT RECEIVABLE;NP nagodba PSN;;;
20170731;0;56144254682;777.36;396;NP;PB_SETTLEMENT RECEIVABLE;NP nagodba PSN;;;
20170731;0;50861643606;16.02;-1340;NP;PB_SETTLEMENT RECEIVABLE;NP nagodba PSN;;;
